,participant,task,trial,current_state,choice,reward
0,2,0,0,999,1,0
1,2,0,1,1,1,0
2,2,0,2,999,1,0
3,2,0,3,1,0,0
4,2,0,4,999,0,0
5,2,0,5,0,0,1
6,2,0,6,999,1,0
7,2,0,7,0,0,0
8,2,0,8,999,1,0
9,2,0,9,1,0,0
10,2,0,10,999,0,0
11,2,0,11,1,1,0
12,2,0,12,999,0,0
13,2,0,13,0,0,1
14,2,0,14,999,0,0
15,2,0,15,1,0,0
16,2,0,16,999,1,0
17,2,0,17,0,0,1
18,2,0,18,999,1,0
19,2,0,19,0,0,1
20,2,0,20,999,1,0
21,2,0,21,1,1,1
22,2,0,22,999,0,0
23,2,0,23,0,0,1
24,2,0,24,999,1,0
25,2,0,25,0,0,0
26,2,0,26,999,0,0
27,2,0,27,0,1,1
28,2,0,28,999,0,0
29,2,0,29,1,1,0
30,2,0,30,999,1,0
31,2,0,31,1,1,1
32,2,0,32,999,1,0
33,2,0,33,1,1,1
34,2,0,34,999,0,0
35,2,0,35,0,1,0
36,2,0,36,999,0,0
37,2,0,37,1,1,0
38,2,0,38,999,0,0
39,2,0,39,1,1,0
40,2,0,40,999,1,0
41,2,0,41,0,0,0
42,2,0,42,999,1,0
43,2,0,43,1,0,0
44,2,0,44,999,0,0
45,2,0,45,0,1,0
46,2,0,46,999,1,0
47,2,0,47,0,0,0
48,2,0,48,999,0,0
49,2,0,49,1,0,0
50,2,0,50,999,0,0
51,2,0,51,1,1,0
52,2,0,52,999,1,0
53,2,0,53,1,1,0
54,2,0,54,999,1,0
55,2,0,55,1,0,0
56,2,0,56,999,0,0
57,2,0,57,0,0,1
58,2,0,58,999,0,0
59,2,0,59,0,0,1
60,2,0,60,999,0,0
61,2,0,61,0,0,1
62,2,0,62,999,0,0
63,2,0,63,1,1,0
64,2,0,64,999,0,0
65,2,0,65,0,0,0
66,2,0,66,999,0,0
67,2,0,67,0,1,0
68,2,0,68,999,1,0
69,2,0,69,1,0,1
70,2,0,70,999,1,0
71,2,0,71,0,0,1
72,2,0,72,999,1,0
73,2,0,73,0,0,1
74,2,0,74,999,1,0
75,2,0,75,1,0,1
76,2,0,76,999,0,0
77,2,0,77,1,0,1
78,2,0,78,999,0,0
79,2,0,79,0,0,0
80,2,0,80,999,0,0
81,2,0,81,1,0,1
82,2,0,82,999,0,0
83,2,0,83,0,0,0
84,2,0,84,999,1,0
85,2,0,85,1,0,0
86,2,0,86,999,1,0
87,2,0,87,0,1,0
88,2,0,88,999,1,0
89,2,0,89,1,1,1
90,2,0,90,999,1,0
91,2,0,91,1,1,0
92,2,0,92,999,1,0
93,2,0,93,1,1,0
94,2,0,94,999,0,0
95,2,0,95,1,1,0
96,2,0,96,999,0,0
97,2,0,97,0,0,1
98,2,0,98,999,0,0
99,2,0,99,1,1,0
100,2,0,100,999,0,0
101,2,0,101,1,1,0
102,2,0,102,999,1,0
103,2,0,103,0,0,0
104,2,0,104,999,0,0
105,2,0,105,1,1,0
106,2,0,106,999,0,0
107,2,0,107,1,1,1
108,2,0,108,999,1,0
109,2,0,109,1,1,0
110,2,0,110,999,1,0
111,2,0,111,1,0,1
112,2,0,112,999,0,0
113,2,0,113,0,0,1
114,2,0,114,999,0,0
115,2,0,115,0,0,1
116,2,0,116,999,0,0
117,2,0,117,0,0,1
118,2,0,118,999,0,0
119,2,0,119,0,0,1
120,2,0,120,999,0,0
121,2,0,121,1,1,0
122,2,0,122,999,1,0
123,2,0,123,1,0,0
124,2,0,124,999,1,0
125,2,0,125,1,1,0
126,2,0,126,999,1,0
127,2,0,127,0,0,0
128,2,0,128,999,1,0
129,2,0,129,1,1,0
130,2,0,130,999,1,0
131,2,0,131,0,0,1
132,2,0,132,999,1,0
133,2,0,133,1,1,0
134,2,0,134,999,1,0
135,2,0,135,0,0,1
136,2,0,136,999,1,0
137,2,0,137,0,0,0
138,2,0,138,999,1,0
139,2,0,139,0,1,0
140,2,0,140,999,0,0
141,2,0,141,0,0,1
142,2,0,142,999,0,0
143,2,0,143,1,1,1
144,2,0,144,999,0,0
145,2,0,145,0,1,0
146,2,0,146,999,0,0
147,2,0,147,0,0,0
148,2,0,148,999,1,0
149,2,0,149,1,1,0
150,2,0,150,999,0,0
151,2,0,151,0,1,0
152,2,0,152,999,1,0
153,2,0,153,1,1,0
154,2,0,154,999,1,0
155,2,0,155,1,0,1
156,2,0,156,999,0,0
157,2,0,157,0,0,0
158,2,0,158,999,1,0
159,2,0,159,1,0,1
160,2,0,160,999,1,0
161,2,0,161,0,1,0
162,2,0,162,999,0,0
163,2,0,163,0,1,0
164,2,0,164,999,1,0
165,2,0,165,1,0,0
166,2,0,166,999,0,0
167,2,0,167,1,0,1
168,2,0,168,999,1,0
169,2,0,169,1,0,0
170,2,0,170,999,0,0
171,2,0,171,0,0,1
172,2,0,172,999,0,0
173,2,0,173,0,0,0
174,2,0,174,999,1,0
175,2,0,175,1,0,0
176,2,0,176,999,1,0
177,2,0,177,1,0,1
178,2,0,178,999,0,0
179,2,0,179,1,0,0
180,2,0,180,999,0,0
181,2,0,181,1,0,1
182,2,0,182,999,0,0
183,2,0,183,0,1,0
184,2,0,184,999,1,0
185,2,0,185,1,0,1
186,2,0,186,999,1,0
187,2,0,187,0,0,1
188,2,0,188,999,1,0
189,2,0,189,1,0,1
190,2,0,190,999,1,0
191,2,0,191,1,0,0
192,2,0,192,999,1,0
193,2,0,193,1,1,0
194,2,0,194,999,0,0
195,2,0,195,1,0,1
196,2,0,196,999,0,0
197,2,0,197,1,0,0
198,2,0,198,999,1,0
199,2,0,199,1,0,0
200,2,0,200,999,1,0
201,2,0,201,1,0,1
202,2,0,202,999,1,0
203,2,0,203,1,0,1
204,2,0,204,999,0,0
205,2,0,205,1,0,1
206,2,0,206,999,1,0
207,2,0,207,1,0,1
208,2,0,208,999,0,0
209,2,0,209,0,1,0
210,2,0,210,999,1,0
211,2,0,211,0,0,0
212,2,0,212,999,1,0
213,2,0,213,1,0,1
214,2,0,214,999,1,0
215,2,0,215,1,0,0
216,2,0,216,999,0,0
217,2,0,217,1,0,0
218,2,0,218,999,0,0
219,2,0,219,1,1,0
220,2,0,220,999,1,0
221,2,0,221,0,0,1
222,2,0,222,999,1,0
223,2,0,223,0,0,0
224,2,0,224,999,0,0
225,2,0,225,0,1,1
226,2,0,226,999,0,0
227,2,0,227,0,1,1
228,2,0,228,999,0,0
229,2,0,229,0,1,0
230,2,0,230,999,0,0
231,2,0,231,0,0,1
232,2,0,232,999,0,0
233,2,0,233,0,0,1
234,2,0,234,999,0,0
235,2,0,235,1,1,1
236,2,0,236,999,1,0
237,2,0,237,0,1,0
238,2,0,238,999,1,0
239,2,0,239,1,1,1
240,2,0,240,999,1,0
241,2,0,241,0,1,0
242,2,0,242,999,1,0
243,2,0,243,1,1,0
244,2,0,244,999,0,0
245,2,0,245,0,1,0
246,2,0,246,999,0,0
247,2,0,247,0,0,1
248,2,0,248,999,0,0
249,2,0,249,0,0,1
250,2,0,250,999,0,0
251,2,0,251,1,1,1
252,2,0,252,999,0,0
253,2,0,253,1,1,1
254,2,0,254,999,0,0
255,2,0,255,1,1,0
256,2,0,256,999,0,0
257,2,0,257,1,1,0
258,2,0,258,999,0,0
259,2,0,259,1,0,0
260,2,0,260,999,0,0
261,2,0,261,0,0,1
262,2,0,262,999,0,0
263,2,0,263,0,0,1
264,2,0,264,999,1,0
265,2,0,265,0,0,1
266,2,0,266,999,0,0
267,2,0,267,1,1,0
268,2,0,268,999,1,0
269,2,0,269,1,1,0
270,2,0,270,999,1,0
271,2,0,271,1,1,0
272,2,0,272,999,1,0
273,2,0,273,1,0,1
274,2,0,274,999,1,0
275,2,0,275,1,0,0
276,2,0,276,999,1,0
277,2,0,277,0,0,0
278,2,0,278,999,1,0
279,2,0,279,1,0,1
280,2,0,280,999,1,0
281,2,0,281,0,1,1
282,2,0,282,999,1,0
283,2,0,283,1,1,0
284,2,0,284,999,0,0
285,2,0,285,0,1,1
286,2,0,286,999,0,0
287,2,0,287,1,1,1
288,2,0,288,999,1,0
289,2,0,289,1,1,1
290,2,0,290,999,0,0
291,2,0,291,0,1,0
292,2,0,292,999,0,0
293,2,0,293,1,0,0
294,2,0,294,999,0,0
295,2,0,295,0,1,0
296,2,0,296,999,0,0
297,2,0,297,1,1,1
298,2,0,298,999,1,0
299,2,0,299,1,1,0
300,2,0,300,999,1,0
301,2,0,301,1,1,0
302,2,0,302,999,0,0
303,2,0,303,0,1,0
304,2,0,304,999,1,0
305,2,0,305,0,1,1
306,2,0,306,999,0,0
307,2,0,307,1,1,0
308,2,0,308,999,0,0
309,2,0,309,0,1,1
310,2,0,310,999,0,0
311,2,0,311,0,1,0
312,2,0,312,999,1,0
313,2,0,313,0,1,0
314,2,0,314,999,0,0
315,2,0,315,0,1,1
316,2,0,316,999,1,0
317,2,0,317,0,0,1
318,2,0,318,999,0,0
319,2,0,319,0,0,0
320,2,0,320,999,0,0
321,2,0,321,0,0,1
322,2,0,322,999,0,0
323,2,0,323,0,0,1
324,2,0,324,999,0,0
325,2,0,325,0,0,0
326,2,0,326,999,0,0
327,2,0,327,0,1,1
328,2,0,328,999,1,0
329,2,0,329,0,0,0
330,2,0,330,999,1,0
331,2,0,331,0,1,1
332,2,0,332,999,1,0
333,2,0,333,1,1,1
334,2,0,334,999,0,0
335,2,0,335,1,0,1
336,2,0,336,999,1,0
337,2,0,337,0,0,0
338,2,0,338,999,1,0
339,2,0,339,0,1,0
340,2,0,340,999,1,0
341,2,0,341,0,1,1
342,2,0,342,999,1,0
343,2,0,343,1,1,1
344,2,0,344,999,0,0
345,2,0,345,0,0,0
346,2,0,346,999,0,0
347,2,0,347,0,1,1
348,2,0,348,999,1,0
349,2,0,349,1,1,1
350,2,0,350,999,0,0
351,2,0,351,0,1,0
352,2,0,352,999,1,0
353,2,0,353,1,1,1
354,2,0,354,999,0,0
355,2,0,355,0,1,1
356,2,0,356,999,1,0
357,2,0,357,1,1,0
358,2,0,358,999,1,0
359,2,0,359,0,1,0
360,2,0,360,999,0,0
361,2,0,361,0,1,1
362,2,0,362,999,0,0
363,2,0,363,1,1,1
364,2,0,364,999,1,0
365,2,0,365,1,1,0
366,2,0,366,999,0,0
367,2,0,367,0,1,0
368,2,0,368,999,0,0
369,2,0,369,1,1,0
370,2,0,370,999,1,0
371,2,0,371,1,1,1
372,2,0,372,999,0,0
373,2,0,373,0,1,0
374,2,0,374,999,0,0
375,2,0,375,1,1,0
376,2,0,376,999,0,0
377,2,0,377,0,1,1
378,2,0,378,999,1,0
379,2,0,379,1,1,0
380,2,0,380,999,0,0
381,2,0,381,0,0,1
382,2,0,382,999,0,0
383,2,0,383,1,1,0
384,2,0,384,999,0,0
385,2,0,385,0,0,1
386,2,0,386,999,1,0
387,2,0,387,1,1,0
388,2,0,388,999,0,0
389,2,0,389,0,0,0
390,2,0,390,999,0,0
391,2,0,391,0,0,0
392,2,0,392,999,0,0
393,2,0,393,1,1,1
394,2,0,394,999,1,0
395,2,0,395,1,1,1
396,2,0,396,999,0,0
397,2,0,397,1,1,1
398,2,0,398,999,1,0
399,2,0,399,0,1,0
400,5,0,0,999,0,0
401,5,0,1,0,0,0
402,5,0,2,999,1,0
403,5,0,3,1,0,1
404,5,0,4,999,1,0
405,5,0,5,0,1,1
406,5,0,6,999,1,0
407,5,0,7,1,0,1
408,5,0,8,999,1,0
409,5,0,9,1,0,0
410,5,0,10,999,0,0
411,5,0,11,0,0,0
412,5,0,12,999,1,0
413,5,0,13,1,0,1
414,5,0,14,999,1,0
415,5,0,15,0,1,0
416,5,0,16,999,1,0
417,5,0,17,1,1,0
418,5,0,18,999,0,0
419,5,0,19,1,0,0
420,5,0,20,999,1,0
421,5,0,21,1,1,0
422,5,0,22,999,0,0
423,5,0,23,0,1,0
424,5,0,24,999,1,0
425,5,0,25,1,1,0
426,5,0,26,999,0,0
427,5,0,27,1,1,0
428,5,0,28,999,1,0
429,5,0,29,1,0,1
430,5,0,30,999,1,0
431,5,0,31,0,1,0
432,5,0,32,999,1,0
433,5,0,33,0,0,0
434,5,0,34,999,1,0
435,5,0,35,0,0,0
436,5,0,36,999,1,0
437,5,0,37,0,1,1
438,5,0,38,999,1,0
439,5,0,39,0,1,0
440,5,0,40,999,0,0
441,5,0,41,1,0,1
442,5,0,42,999,0,0
443,5,0,43,1,1,0
444,5,0,44,999,0,0
445,5,0,45,1,1,0
446,5,0,46,999,0,0
447,5,0,47,0,0,1
448,5,0,48,999,0,0
449,5,0,49,0,0,0
450,5,0,50,999,1,0
451,5,0,51,1,0,1
452,5,0,52,999,0,0
453,5,0,53,1,1,1
454,5,0,54,999,0,0
455,5,0,55,0,1,0
456,5,0,56,999,0,0
457,5,0,57,0,0,0
458,5,0,58,999,1,0
459,5,0,59,1,1,0
460,5,0,60,999,1,0
461,5,0,61,1,0,1
462,5,0,62,999,1,0
463,5,0,63,1,1,0
464,5,0,64,999,1,0
465,5,0,65,1,1,1
466,5,0,66,999,0,0
467,5,0,67,0,1,0
468,5,0,68,999,0,0
469,5,0,69,0,0,1
470,5,0,70,999,1,0
471,5,0,71,1,1,1
472,5,0,72,999,1,0
473,5,0,73,1,1,0
474,5,0,74,999,1,0
475,5,0,75,1,0,1
476,5,0,76,999,1,0
477,5,0,77,0,1,0
478,5,0,78,999,1,0
479,5,0,79,0,0,1
480,5,0,80,999,1,0
481,5,0,81,1,1,1
482,5,0,82,999,1,0
483,5,0,83,1,1,0
484,5,0,84,999,0,0
485,5,0,85,1,0,1
486,5,0,86,999,0,0
487,5,0,87,0,0,1
488,5,0,88,999,0,0
489,5,0,89,1,0,1
490,5,0,90,999,0,0
491,5,0,91,0,1,0
492,5,0,92,999,1,0
493,5,0,93,1,0,1
494,5,0,94,999,1,0
495,5,0,95,1,1,0
496,5,0,96,999,1,0
497,5,0,97,1,1,1
498,5,0,98,999,1,0
499,5,0,99,1,0,1
500,5,0,100,999,1,0
501,5,0,101,1,1,0
502,5,0,102,999,1,0
503,5,0,103,1,0,1
504,5,0,104,999,1,0
505,5,0,105,1,0,0
506,5,0,106,999,0,0
507,5,0,107,0,0,1
508,5,0,108,999,1,0
509,5,0,109,1,0,1
510,5,0,110,999,0,0
511,5,0,111,0,0,0
512,5,0,112,999,1,0
513,5,0,113,1,0,0
514,5,0,114,999,0,0
515,5,0,115,0,0,1
516,5,0,116,999,0,0
517,5,0,117,0,0,0
518,5,0,118,999,1,0
519,5,0,119,1,0,0
520,5,0,120,999,1,0
521,5,0,121,0,0,1
522,5,0,122,999,1,0
523,5,0,123,0,0,0
524,5,0,124,999,0,0
525,5,0,125,0,0,1
526,5,0,126,999,0,0
527,5,0,127,0,0,0
528,5,0,128,999,0,0
529,5,0,129,0,0,1
530,5,0,130,999,0,0
531,5,0,131,1,1,1
532,5,0,132,999,0,0
533,5,0,133,0,0,0
534,5,0,134,999,0,0
535,5,0,135,1,0,1
536,5,0,136,999,0,0
537,5,0,137,1,0,1
538,5,0,138,999,0,0
539,5,0,139,0,1,1
540,5,0,140,999,0,0
541,5,0,141,0,1,1
542,5,0,142,999,0,0
543,5,0,143,1,1,0
544,5,0,144,999,0,0
545,5,0,145,0,1,0
546,5,0,146,999,0,0
547,5,0,147,0,0,1
548,5,0,148,999,0,0
549,5,0,149,0,0,0
550,5,0,150,999,1,0
551,5,0,151,1,0,1
552,5,0,152,999,1,0
553,5,0,153,1,1,0
554,5,0,154,999,1,0
555,5,0,155,1,0,1
556,5,0,156,999,1,0
557,5,0,157,0,1,1
558,5,0,158,999,1,0
559,5,0,159,1,0,1
560,5,0,160,999,1,0
561,5,0,161,1,0,1
562,5,0,162,999,1,0
563,5,0,163,1,0,1
564,5,0,164,999,1,0
565,5,0,165,1,1,1
566,5,0,166,999,1,0
567,5,0,167,1,1,0
568,5,0,168,999,1,0
569,5,0,169,0,1,0
570,5,0,170,999,1,0
571,5,0,171,1,1,1
572,5,0,172,999,1,0
573,5,0,173,0,1,1
574,5,0,174,999,1,0
575,5,0,175,1,0,1
576,5,0,176,999,1,0
577,5,0,177,1,0,1
578,5,0,178,999,1,0
579,5,0,179,1,1,0
580,5,0,180,999,0,0
581,5,0,181,0,1,0
582,5,0,182,999,0,0
583,5,0,183,0,1,1
584,5,0,184,999,0,0
585,5,0,185,1,0,1
586,5,0,186,999,0,0
587,5,0,187,0,1,0
588,5,0,188,999,0,0
589,5,0,189,0,1,0
590,5,0,190,999,0,0
591,5,0,191,0,1,1
592,5,0,192,999,0,0
593,5,0,193,1,1,0
594,5,0,194,999,0,0
595,5,0,195,0,1,1
596,5,0,196,999,0,0
597,5,0,197,0,0,0
598,5,0,198,999,0,0
599,5,0,199,0,1,0
600,5,0,200,999,0,0
601,5,0,201,0,0,0
602,5,0,202,999,0,0
603,5,0,203,0,0,1
604,5,0,204,999,0,0
605,5,0,205,0,1,0
606,5,0,206,999,1,0
607,5,0,207,1,0,1
608,5,0,208,999,1,0
609,5,0,209,1,0,1
610,5,0,210,999,1,0
611,5,0,211,1,0,1
612,5,0,212,999,1,0
613,5,0,213,1,0,0
614,5,0,214,999,1,0
615,5,0,215,0,0,0
616,5,0,216,999,1,0
617,5,0,217,0,0,0
618,5,0,218,999,1,0
619,5,0,219,1,1,0
620,5,0,220,999,1,0
621,5,0,221,1,1,0
622,5,0,222,999,0,0
623,5,0,223,0,0,1
624,5,0,224,999,0,0
625,5,0,225,0,0,1
626,5,0,226,999,0,0
627,5,0,227,0,0,1
628,5,0,228,999,0,0
629,5,0,229,0,0,0
630,5,0,230,999,0,0
631,5,0,231,0,1,0
632,5,0,232,999,1,0
633,5,0,233,1,0,1
634,5,0,234,999,1,0
635,5,0,235,1,1,1
636,5,0,236,999,1,0
637,5,0,237,1,1,1
638,5,0,238,999,1,0
639,5,0,239,1,0,1
640,5,0,240,999,1,0
641,5,0,241,0,1,1
642,5,0,242,999,1,0
643,5,0,243,1,0,0
644,5,0,244,999,1,0
645,5,0,245,1,1,1
646,5,0,246,999,1,0
647,5,0,247,1,0,0
648,5,0,248,999,1,0
649,5,0,249,1,0,1
650,5,0,250,999,1,0
651,5,0,251,1,0,1
652,5,0,252,999,1,0
653,5,0,253,1,1,0
654,5,0,254,999,1,0
655,5,0,255,1,1,1
656,5,0,256,999,1,0
657,5,0,257,1,0,1
658,5,0,258,999,1,0
659,5,0,259,1,0,1
660,5,0,260,999,1,0
661,5,0,261,1,1,1
662,5,0,262,999,1,0
663,5,0,263,0,1,0
664,5,0,264,999,1,0
665,5,0,265,1,0,0
666,5,0,266,999,1,0
667,5,0,267,1,0,1
668,5,0,268,999,1,0
669,5,0,269,1,1,1
670,5,0,270,999,1,0
671,5,0,271,1,1,1
672,5,0,272,999,1,0
673,5,0,273,0,0,0
674,5,0,274,999,1,0
675,5,0,275,0,1,0
676,5,0,276,999,1,0
677,5,0,277,1,1,0
678,5,0,278,999,1,0
679,5,0,279,0,0,1
680,5,0,280,999,1,0
681,5,0,281,1,1,1
682,5,0,282,999,1,0
683,5,0,283,1,0,1
684,5,0,284,999,1,0
685,5,0,285,1,0,1
686,5,0,286,999,1,0
687,5,0,287,0,0,0
688,5,0,288,999,1,0
689,5,0,289,1,1,1
690,5,0,290,999,1,0
691,5,0,291,1,1,0
692,5,0,292,999,1,0
693,5,0,293,0,1,0
694,5,0,294,999,1,0
695,5,0,295,1,1,0
696,5,0,296,999,1,0
697,5,0,297,1,0,1
698,5,0,298,999,1,0
699,5,0,299,1,0,0
700,5,0,300,999,1,0
701,5,0,301,1,0,0
702,5,0,302,999,1,0
703,5,0,303,1,1,1
704,5,0,304,999,1,0
705,5,0,305,1,0,1
706,5,0,306,999,1,0
707,5,0,307,1,0,1
708,5,0,308,999,1,0
709,5,0,309,1,1,1
710,5,0,310,999,1,0
711,5,0,311,0,0,1
712,5,0,312,999,1,0
713,5,0,313,1,1,1
714,5,0,314,999,1,0
715,5,0,315,0,0,0
716,5,0,316,999,1,0
717,5,0,317,1,0,0
718,5,0,318,999,1,0
719,5,0,319,1,1,1
720,5,0,320,999,1,0
721,5,0,321,0,1,0
722,5,0,322,999,1,0
723,5,0,323,0,1,1
724,5,0,324,999,1,0
725,5,0,325,1,0,1
726,5,0,326,999,1,0
727,5,0,327,1,0,0
728,5,0,328,999,1,0
729,5,0,329,1,1,1
730,5,0,330,999,1,0
731,5,0,331,1,1,0
732,5,0,332,999,1,0
733,5,0,333,1,1,1
734,5,0,334,999,1,0
735,5,0,335,1,1,0
736,5,0,336,999,1,0
737,5,0,337,1,1,1
738,5,0,338,999,1,0
739,5,0,339,0,1,0
740,5,0,340,999,1,0
741,5,0,341,0,0,0
742,5,0,342,999,1,0
743,5,0,343,1,0,1
744,5,0,344,999,1,0
745,5,0,345,1,0,0
746,5,0,346,999,1,0
747,5,0,347,1,1,1
748,5,0,348,999,1,0
749,5,0,349,1,1,0
750,5,0,350,999,1,0
751,5,0,351,1,1,0
752,5,0,352,999,1,0
753,5,0,353,0,0,0
754,5,0,354,999,1,0
755,5,0,355,1,0,0
756,5,0,356,999,1,0
757,5,0,357,1,0,0
758,5,0,358,999,1,0
759,5,0,359,1,1,1
760,5,0,360,999,1,0
761,5,0,361,0,1,1
762,5,0,362,999,1,0
763,5,0,363,1,0,0
764,5,0,364,999,1,0
765,5,0,365,1,0,1
766,5,0,366,999,1,0
767,5,0,367,0,0,0
768,5,0,368,999,1,0
769,5,0,369,0,1,0
770,5,0,370,999,1,0
771,5,0,371,1,1,1
772,5,0,372,999,1,0
773,5,0,373,0,0,0
774,5,0,374,999,1,0
775,5,0,375,1,0,0
776,5,0,376,999,1,0
777,5,0,377,0,1,0
778,5,0,378,999,1,0
779,5,0,379,1,0,0
780,5,0,380,999,1,0
781,5,0,381,1,1,0
782,5,0,382,999,1,0
783,5,0,383,1,1,1
784,5,0,384,999,1,0
785,5,0,385,1,1,0
786,5,0,386,999,1,0
787,5,0,387,1,0,1
788,5,0,388,999,1,0
789,5,0,389,1,1,1
790,5,0,390,999,1,0
791,5,0,391,1,1,0
792,5,0,392,999,1,0
793,5,0,393,1,0,1
794,5,0,394,999,1,0
795,5,0,395,1,0,1
796,5,0,396,999,1,0
797,5,0,397,1,1,1
798,5,0,398,999,1,0
799,5,0,399,1,1,1
800,12,0,0,999,0,0
801,12,0,1,0,0,1
802,12,0,2,999,1,0
803,12,0,3,1,0,0
804,12,0,4,999,0,0
805,12,0,5,0,1,0
806,12,0,6,999,0,0
807,12,0,7,1,0,0
808,12,0,8,999,1,0
809,12,0,9,1,1,0
810,12,0,10,999,0,0
811,12,0,11,0,0,0
812,12,0,12,999,1,0
813,12,0,13,1,1,1
814,12,0,14,999,0,0
815,12,0,15,0,1,1
816,12,0,16,999,1,0
817,12,0,17,1,0,0
818,12,0,18,999,1,0
819,12,0,19,0,0,1
820,12,0,20,999,1,0
821,12,0,21,1,0,0
822,12,0,22,999,0,0
823,12,0,23,1,1,1
824,12,0,24,999,1,0
825,12,0,25,1,1,1
826,12,0,26,999,0,0
827,12,0,27,0,1,0
828,12,0,28,999,0,0
829,12,0,29,0,1,0
830,12,0,30,999,0,0
831,12,0,31,0,0,1
832,12,0,32,999,1,0
833,12,0,33,1,0,1
834,12,0,34,999,0,0
835,12,0,35,1,0,0
836,12,0,36,999,1,0
837,12,0,37,0,1,0
838,12,0,38,999,1,0
839,12,0,39,1,1,1
840,12,0,40,999,0,0
841,12,0,41,0,0,0
842,12,0,42,999,0,0
843,12,0,43,0,0,1
844,12,0,44,999,1,0
845,12,0,45,1,0,0
846,12,0,46,999,0,0
847,12,0,47,0,1,0
848,12,0,48,999,0,0
849,12,0,49,0,0,0
850,12,0,50,999,1,0
851,12,0,51,1,0,0
852,12,0,52,999,0,0
853,12,0,53,1,0,0
854,12,0,54,999,1,0
855,12,0,55,1,0,0
856,12,0,56,999,1,0
857,12,0,57,1,1,1
858,12,0,58,999,0,0
859,12,0,59,1,0,0
860,12,0,60,999,0,0
861,12,0,61,1,0,0
862,12,0,62,999,0,0
863,12,0,63,1,1,1
864,12,0,64,999,1,0
865,12,0,65,1,0,0
866,12,0,66,999,0,0
867,12,0,67,0,0,1
868,12,0,68,999,1,0
869,12,0,69,0,1,1
870,12,0,70,999,0,0
871,12,0,71,1,0,0
872,12,0,72,999,0,0
873,12,0,73,0,0,1
874,12,0,74,999,1,0
875,12,0,75,1,1,1
876,12,0,76,999,0,0
877,12,0,77,0,1,0
878,12,0,78,999,1,0
879,12,0,79,0,1,1
880,12,0,80,999,0,0
881,12,0,81,0,1,1
882,12,0,82,999,0,0
883,12,0,83,0,1,0
884,12,0,84,999,1,0
885,12,0,85,0,0,1
886,12,0,86,999,0,0
887,12,0,87,0,0,1
888,12,0,88,999,1,0
889,12,0,89,1,1,1
890,12,0,90,999,0,0
891,12,0,91,0,1,0
892,12,0,92,999,0,0
893,12,0,93,1,0,0
894,12,0,94,999,1,0
895,12,0,95,0,0,1
896,12,0,96,999,1,0
897,12,0,97,1,0,0
898,12,0,98,999,0,0
899,12,0,99,0,1,0
900,12,0,100,999,1,0
901,12,0,101,1,1,0
902,12,0,102,999,0,0
903,12,0,103,0,0,1
904,12,0,104,999,1,0
905,12,0,105,0,1,0
906,12,0,106,999,0,0
907,12,0,107,1,0,0
908,12,0,108,999,1,0
909,12,0,109,1,1,0
910,12,0,110,999,0,0
911,12,0,111,0,0,0
912,12,0,112,999,1,0
913,12,0,113,1,0,1
914,12,0,114,999,0,0
915,12,0,115,1,1,0
916,12,0,116,999,1,0
917,12,0,117,1,1,1
918,12,0,118,999,0,0
919,12,0,119,0,0,1
920,12,0,120,999,1,0
921,12,0,121,1,0,0
922,12,0,122,999,0,0
923,12,0,123,1,0,0
924,12,0,124,999,1,0
925,12,0,125,1,1,1
926,12,0,126,999,0,0
927,12,0,127,0,1,0
928,12,0,128,999,1,0
929,12,0,129,1,0,0
930,12,0,130,999,1,0
931,12,0,131,0,1,1
932,12,0,132,999,0,0
933,12,0,133,1,1,0
934,12,0,134,999,1,0
935,12,0,135,1,1,1
936,12,0,136,999,0,0
937,12,0,137,1,1,1
938,12,0,138,999,1,0
939,12,0,139,1,1,0
940,12,0,140,999,0,0
941,12,0,141,1,0,0
942,12,0,142,999,1,0
943,12,0,143,1,0,1
944,12,0,144,999,0,0
945,12,0,145,0,0,1
946,12,0,146,999,1,0
947,12,0,147,0,1,0
948,12,0,148,999,1,0
949,12,0,149,0,0,1
950,12,0,150,999,1,0
951,12,0,151,1,1,0
952,12,0,152,999,0,0
953,12,0,153,0,0,1
954,12,0,154,999,1,0
955,12,0,155,0,0,1
956,12,0,156,999,0,0
957,12,0,157,0,0,0
958,12,0,158,999,1,0
959,12,0,159,0,1,0
960,12,0,160,999,0,0
961,12,0,161,0,0,0
962,12,0,162,999,1,0
963,12,0,163,1,1,0
964,12,0,164,999,1,0
965,12,0,165,0,0,1
966,12,0,166,999,0,0
967,12,0,167,0,0,1
968,12,0,168,999,1,0
969,12,0,169,0,0,1
970,12,0,170,999,0,0
971,12,0,171,0,0,0
972,12,0,172,999,1,0
973,12,0,173,1,1,0
974,12,0,174,999,0,0
975,12,0,175,0,0,1
976,12,0,176,999,1,0
977,12,0,177,1,0,1
978,12,0,178,999,0,0
979,12,0,179,0,0,1
980,12,0,180,999,1,0
981,12,0,181,1,0,0
982,12,0,182,999,0,0
983,12,0,183,0,1,1
984,12,0,184,999,1,0
985,12,0,185,1,1,1
986,12,0,186,999,0,0
987,12,0,187,0,0,1
988,12,0,188,999,1,0
989,12,0,189,1,0,0
990,12,0,190,999,0,0
991,12,0,191,0,0,1
992,12,0,192,999,1,0
993,12,0,193,0,1,1
994,12,0,194,999,0,0
995,12,0,195,0,0,0
996,12,0,196,999,1,0
997,12,0,197,0,0,1
998,12,0,198,999,0,0
999,12,0,199,1,1,1
1000,12,0,200,999,1,0
1001,12,0,201,0,0,0
1002,12,0,202,999,0,0
1003,12,0,203,0,0,0
1004,12,0,204,999,1,0
1005,12,0,205,1,1,1
1006,12,0,206,999,0,0
1007,12,0,207,0,1,0
1008,12,0,208,999,1,0
1009,12,0,209,1,1,1
1010,12,0,210,999,0,0
1011,12,0,211,0,1,0
1012,12,0,212,999,1,0
1013,12,0,213,0,0,0
1014,12,0,214,999,0,0
1015,12,0,215,0,1,0
1016,12,0,216,999,1,0
1017,12,0,217,1,0,0
1018,12,0,218,999,0,0
1019,12,0,219,1,0,0
1020,12,0,220,999,1,0
1021,12,0,221,1,1,0
1022,12,0,222,999,0,0
1023,12,0,223,0,0,1
1024,12,0,224,999,1,0
1025,12,0,225,1,0,0
1026,12,0,226,999,0,0
1027,12,0,227,0,0,1
1028,12,0,228,999,1,0
1029,12,0,229,1,0,1
1030,12,0,230,999,0,0
1031,12,0,231,0,0,0
1032,12,0,232,999,1,0
1033,12,0,233,0,0,0
1034,12,0,234,999,0,0
1035,12,0,235,0,0,1
1036,12,0,236,999,1,0
1037,12,0,237,0,1,0
1038,12,0,238,999,0,0
1039,12,0,239,0,0,1
1040,12,0,240,999,1,0
1041,12,0,241,1,1,0
1042,12,0,242,999,0,0
1043,12,0,243,1,1,1
1044,12,0,244,999,1,0
1045,12,0,245,0,1,0
1046,12,0,246,999,0,0
1047,12,0,247,1,1,0
1048,12,0,248,999,1,0
1049,12,0,249,1,1,0
1050,12,0,250,999,0,0
1051,12,0,251,0,1,0
1052,12,0,252,999,1,0
1053,12,0,253,1,0,1
1054,12,0,254,999,0,0
1055,12,0,255,0,1,0
1056,12,0,256,999,1,0
1057,12,0,257,1,0,0
1058,12,0,258,999,0,0
1059,12,0,259,0,1,0
1060,12,0,260,999,1,0
1061,12,0,261,1,1,1
1062,12,0,262,999,0,0
1063,12,0,263,1,1,1
1064,12,0,264,999,1,0
1065,12,0,265,1,1,1
1066,12,0,266,999,0,0
1067,12,0,267,0,1,0
1068,12,0,268,999,1,0
1069,12,0,269,0,1,0
1070,12,0,270,999,0,0
1071,12,0,271,1,1,1
1072,12,0,272,999,1,0
1073,12,0,273,1,1,1
1074,12,0,274,999,0,0
1075,12,0,275,0,1,0
1076,12,0,276,999,1,0
1077,12,0,277,1,1,0
1078,12,0,278,999,0,0
1079,12,0,279,0,0,0
1080,12,0,280,999,1,0
1081,12,0,281,1,1,0
1082,12,0,282,999,0,0
1083,12,0,283,0,0,1
1084,12,0,284,999,1,0
1085,12,0,285,1,1,1
1086,12,0,286,999,0,0
1087,12,0,287,1,1,1
1088,12,0,288,999,1,0
1089,12,0,289,1,0,0
1090,12,0,290,999,0,0
1091,12,0,291,1,0,0
1092,12,0,292,999,1,0
1093,12,0,293,0,0,1
1094,12,0,294,999,0,0
1095,12,0,295,0,1,1
1096,12,0,296,999,1,0
1097,12,0,297,0,1,0
1098,12,0,298,999,0,0
1099,12,0,299,0,0,1
1100,12,0,300,999,1,0
1101,12,0,301,1,1,1
1102,12,0,302,999,0,0
1103,12,0,303,0,0,0
1104,12,0,304,999,1,0
1105,12,0,305,1,1,0
1106,12,0,306,999,0,0
1107,12,0,307,0,0,1
1108,12,0,308,999,1,0
1109,12,0,309,1,1,0
1110,12,0,310,999,0,0
1111,12,0,311,0,0,1
1112,12,0,312,999,1,0
1113,12,0,313,1,0,1
1114,12,0,314,999,0,0
1115,12,0,315,0,1,0
1116,12,0,316,999,1,0
1117,12,0,317,0,1,0
1118,12,0,318,999,0,0
1119,12,0,319,1,1,0
1120,12,0,320,999,1,0
1121,12,0,321,1,0,1
1122,12,0,322,999,0,0
1123,12,0,323,1,1,1
1124,12,0,324,999,1,0
1125,12,0,325,0,1,0
1126,12,0,326,999,0,0
1127,12,0,327,0,1,1
1128,12,0,328,999,1,0
1129,12,0,329,0,1,1
1130,12,0,330,999,0,0
1131,12,0,331,1,1,1
1132,12,0,332,999,1,0
1133,12,0,333,0,1,1
1134,12,0,334,999,0,0
1135,12,0,335,0,1,0
1136,12,0,336,999,1,0
1137,12,0,337,1,0,0
1138,12,0,338,999,0,0
1139,12,0,339,0,1,0
1140,12,0,340,999,1,0
1141,12,0,341,1,0,0
1142,12,0,342,999,0,0
1143,12,0,343,0,1,0
1144,12,0,344,999,1,0
1145,12,0,345,0,0,0
1146,12,0,346,999,0,0
1147,12,0,347,0,1,1
1148,12,0,348,999,1,0
1149,12,0,349,1,0,0
1150,12,0,350,999,0,0
1151,12,0,351,0,1,0
1152,12,0,352,999,1,0
1153,12,0,353,1,0,0
1154,12,0,354,999,0,0
1155,12,0,355,0,1,1
1156,12,0,356,999,1,0
1157,12,0,357,0,0,1
1158,12,0,358,999,0,0
1159,12,0,359,1,0,0
1160,12,0,360,999,1,0
1161,12,0,361,1,0,0
1162,12,0,362,999,0,0
1163,12,0,363,0,0,0
1164,12,0,364,999,1,0
1165,12,0,365,1,1,0
1166,12,0,366,999,0,0
1167,12,0,367,0,0,1
1168,12,0,368,999,1,0
1169,12,0,369,0,0,0
1170,12,0,370,999,0,0
1171,12,0,371,1,0,0
1172,12,0,372,999,1,0
1173,12,0,373,1,0,1
1174,12,0,374,999,0,0
1175,12,0,375,0,0,0
1176,12,0,376,999,1,0
1177,12,0,377,0,1,0
1178,12,0,378,999,0,0
1179,12,0,379,0,0,0
1180,12,0,380,999,1,0
1181,12,0,381,1,0,0
1182,12,0,382,999,0,0
1183,12,0,383,1,1,1
1184,12,0,384,999,1,0
1185,12,0,385,0,0,1
1186,12,0,386,999,0,0
1187,12,0,387,0,0,0
1188,12,0,388,999,1,0
1189,12,0,389,0,1,1
1190,12,0,390,999,0,0
1191,12,0,391,0,0,1
1192,12,0,392,999,1,0
1193,12,0,393,1,1,1
1194,12,0,394,999,0,0
1195,12,0,395,0,1,0
1196,12,0,396,999,1,0
1197,12,0,397,0,1,1
1198,12,0,398,999,0,0
1199,12,0,399,0,1,1
1200,13,0,0,999,0,0
1201,13,0,1,1,0,1
1202,13,0,2,999,1,0
1203,13,0,3,1,1,0
1204,13,0,4,999,1,0
1205,13,0,5,1,0,1
1206,13,0,6,999,0,0
1207,13,0,7,1,0,1
1208,13,0,8,999,0,0
1209,13,0,9,1,0,1
1210,13,0,10,999,0,0
1211,13,0,11,0,1,0
1212,13,0,12,999,0,0
1213,13,0,13,0,1,0
1214,13,0,14,999,0,0
1215,13,0,15,0,0,1
1216,13,0,16,999,0,0
1217,13,0,17,0,0,0
1218,13,0,18,999,0,0
1219,13,0,19,0,0,1
1220,13,0,20,999,0,0
1221,13,0,21,1,0,0
1222,13,0,22,999,1,0
1223,13,0,23,1,0,1
1224,13,0,24,999,1,0
1225,13,0,25,0,1,1
1226,13,0,26,999,1,0
1227,13,0,27,1,1,1
1228,13,0,28,999,1,0
1229,13,0,29,1,1,0
1230,13,0,30,999,1,0
1231,13,0,31,1,1,0
1232,13,0,32,999,1,0
1233,13,0,33,1,0,0
1234,13,0,34,999,0,0
1235,13,0,35,0,1,0
1236,13,0,36,999,0,0
1237,13,0,37,0,1,1
1238,13,0,38,999,0,0
1239,13,0,39,0,1,1
1240,13,0,40,999,0,0
1241,13,0,41,0,1,0
1242,13,0,42,999,0,0
1243,13,0,43,0,1,1
1244,13,0,44,999,0,0
1245,13,0,45,1,1,0
1246,13,0,46,999,0,0
1247,13,0,47,0,1,0
1248,13,0,48,999,0,0
1249,13,0,49,0,1,0
1250,13,0,50,999,1,0
1251,13,0,51,0,1,0
1252,13,0,52,999,1,0
1253,13,0,53,0,1,1
1254,13,0,54,999,1,0
1255,13,0,55,0,1,1
1256,13,0,56,999,1,0
1257,13,0,57,1,1,0
1258,13,0,58,999,1,0
1259,13,0,59,1,1,0
1260,13,0,60,999,0,0
1261,13,0,61,1,1,0
1262,13,0,62,999,0,0
1263,13,0,63,0,0,1
1264,13,0,64,999,0,0
1265,13,0,65,0,0,1
1266,13,0,66,999,0,0
1267,13,0,67,1,0,1
1268,13,0,68,999,0,0
1269,13,0,69,0,0,1
1270,13,0,70,999,0,0
1271,13,0,71,1,0,1
1272,13,0,72,999,0,0
1273,13,0,73,1,0,1
1274,13,0,74,999,0,0
1275,13,0,75,0,0,0
1276,13,0,76,999,0,0
1277,13,0,77,1,0,0
1278,13,0,78,999,0,0
1279,13,0,79,0,0,1
1280,13,0,80,999,0,0
1281,13,0,81,0,0,0
1282,13,0,82,999,0,0
1283,13,0,83,0,0,0
1284,13,0,84,999,0,0
1285,13,0,85,0,0,0
1286,13,0,86,999,0,0
1287,13,0,87,0,0,0
1288,13,0,88,999,0,0
1289,13,0,89,0,0,0
1290,13,0,90,999,0,0
1291,13,0,91,0,0,1
1292,13,0,92,999,0,0
1293,13,0,93,0,0,1
1294,13,0,94,999,0,0
1295,13,0,95,1,0,0
1296,13,0,96,999,0,0
1297,13,0,97,1,0,1
1298,13,0,98,999,0,0
1299,13,0,99,1,0,1
1300,13,0,100,999,0,0
1301,13,0,101,0,0,1
1302,13,0,102,999,0,0
1303,13,0,103,0,0,1
1304,13,0,104,999,0,0
1305,13,0,105,0,0,0
1306,13,0,106,999,0,0
1307,13,0,107,0,0,1
1308,13,0,108,999,0,0
1309,13,0,109,1,0,1
1310,13,0,110,999,0,0
1311,13,0,111,0,0,0
1312,13,0,112,999,0,0
1313,13,0,113,0,0,0
1314,13,0,114,999,0,0
1315,13,0,115,1,0,1
1316,13,0,116,999,0,0
1317,13,0,117,0,0,1
1318,13,0,118,999,0,0
1319,13,0,119,0,0,1
1320,13,0,120,999,0,0
1321,13,0,121,1,0,0
1322,13,0,122,999,0,0
1323,13,0,123,1,0,1
1324,13,0,124,999,0,0
1325,13,0,125,0,0,1
1326,13,0,126,999,0,0
1327,13,0,127,0,0,0
1328,13,0,128,999,0,0
1329,13,0,129,1,0,0
1330,13,0,130,999,0,0
1331,13,0,131,1,0,0
1332,13,0,132,999,0,0
1333,13,0,133,1,0,1
1334,13,0,134,999,0,0
1335,13,0,135,0,0,0
1336,13,0,136,999,0,0
1337,13,0,137,0,0,0
1338,13,0,138,999,0,0
1339,13,0,139,0,0,1
1340,13,0,140,999,0,0
1341,13,0,141,0,0,1
1342,13,0,142,999,0,0
1343,13,0,143,1,0,1
1344,13,0,144,999,0,0
1345,13,0,145,0,0,0
1346,13,0,146,999,0,0
1347,13,0,147,0,0,1
1348,13,0,148,999,0,0
1349,13,0,149,0,0,0
1350,13,0,150,999,0,0
1351,13,0,151,0,0,1
1352,13,0,152,999,0,0
1353,13,0,153,1,0,1
1354,13,0,154,999,0,0
1355,13,0,155,1,0,0
1356,13,0,156,999,0,0
1357,13,0,157,1,0,1
1358,13,0,158,999,0,0
1359,13,0,159,0,0,1
1360,13,0,160,999,0,0
1361,13,0,161,0,0,1
1362,13,0,162,999,0,0
1363,13,0,163,0,0,0
1364,13,0,164,999,0,0
1365,13,0,165,1,0,0
1366,13,0,166,999,0,0
1367,13,0,167,1,0,1
1368,13,0,168,999,0,0
1369,13,0,169,0,0,0
1370,13,0,170,999,0,0
1371,13,0,171,0,0,0
1372,13,0,172,999,0,0
1373,13,0,173,0,0,1
1374,13,0,174,999,0,0
1375,13,0,175,0,0,0
1376,13,0,176,999,0,0
1377,13,0,177,0,0,1
1378,13,0,178,999,0,0
1379,13,0,179,1,0,1
1380,13,0,180,999,0,0
1381,13,0,181,0,0,0
1382,13,0,182,999,0,0
1383,13,0,183,1,0,1
1384,13,0,184,999,0,0
1385,13,0,185,0,0,1
1386,13,0,186,999,0,0
1387,13,0,187,1,0,0
1388,13,0,188,999,0,0
1389,13,0,189,0,0,1
1390,13,0,190,999,0,0
1391,13,0,191,0,0,1
1392,13,0,192,999,0,0
1393,13,0,193,0,0,1
1394,13,0,194,999,0,0
1395,13,0,195,1,0,0
1396,13,0,196,999,0,0
1397,13,0,197,0,0,1
1398,13,0,198,999,0,0
1399,13,0,199,0,0,1
1400,13,0,200,999,0,0
1401,13,0,201,1,0,0
1402,13,0,202,999,0,0
1403,13,0,203,1,0,1
1404,13,0,204,999,0,0
1405,13,0,205,0,0,0
1406,13,0,206,999,0,0
1407,13,0,207,1,0,1
1408,13,0,208,999,0,0
1409,13,0,209,0,0,0
1410,13,0,210,999,0,0
1411,13,0,211,1,0,0
1412,13,0,212,999,0,0
1413,13,0,213,0,0,0
1414,13,0,214,999,0,0
1415,13,0,215,1,0,1
1416,13,0,216,999,0,0
1417,13,0,217,0,0,0
1418,13,0,218,999,0,0
1419,13,0,219,0,0,1
1420,13,0,220,999,0,0
1421,13,0,221,0,0,1
1422,13,0,222,999,0,0
1423,13,0,223,1,0,0
1424,13,0,224,999,0,0
1425,13,0,225,0,0,1
1426,13,0,226,999,0,0
1427,13,0,227,0,0,0
1428,13,0,228,999,0,0
1429,13,0,229,1,0,1
1430,13,0,230,999,0,0
1431,13,0,231,0,0,1
1432,13,0,232,999,0,0
1433,13,0,233,0,0,1
1434,13,0,234,999,0,0
1435,13,0,235,0,0,0
1436,13,0,236,999,0,0
1437,13,0,237,0,0,1
1438,13,0,238,999,0,0
1439,13,0,239,1,0,1
1440,13,0,240,999,0,0
1441,13,0,241,0,0,1
1442,13,0,242,999,0,0
1443,13,0,243,0,0,1
1444,13,0,244,999,0,0
1445,13,0,245,1,0,0
1446,13,0,246,999,0,0
1447,13,0,247,0,0,1
1448,13,0,248,999,0,0
1449,13,0,249,0,0,1
1450,13,0,250,999,0,0
1451,13,0,251,1,0,1
1452,13,0,252,999,0,0
1453,13,0,253,0,0,1
1454,13,0,254,999,0,0
1455,13,0,255,0,0,1
1456,13,0,256,999,0,0
1457,13,0,257,0,0,0
1458,13,0,258,999,0,0
1459,13,0,259,1,0,0
1460,13,0,260,999,0,0
1461,13,0,261,0,0,0
1462,13,0,262,999,0,0
1463,13,0,263,0,0,0
1464,13,0,264,999,0,0
1465,13,0,265,0,0,1
1466,13,0,266,999,0,0
1467,13,0,267,0,0,1
1468,13,0,268,999,0,0
1469,13,0,269,0,0,1
1470,13,0,270,999,0,0
1471,13,0,271,0,0,0
1472,13,0,272,999,0,0
1473,13,0,273,1,0,1
1474,13,0,274,999,0,0
1475,13,0,275,0,0,1
1476,13,0,276,999,0,0
1477,13,0,277,0,0,1
1478,13,0,278,999,0,0
1479,13,0,279,0,0,1
1480,13,0,280,999,0,0
1481,13,0,281,0,0,0
1482,13,0,282,999,0,0
1483,13,0,283,1,0,1
1484,13,0,284,999,0,0
1485,13,0,285,0,0,1
1486,13,0,286,999,0,0
1487,13,0,287,0,0,0
1488,13,0,288,999,0,0
1489,13,0,289,1,0,1
1490,13,0,290,999,0,0
1491,13,0,291,1,0,0
1492,13,0,292,999,0,0
1493,13,0,293,0,0,1
1494,13,0,294,999,0,0
1495,13,0,295,0,0,1
1496,13,0,296,999,0,0
1497,13,0,297,0,0,1
1498,13,0,298,999,0,0
1499,13,0,299,0,0,1
1500,13,0,300,999,0,0
1501,13,0,301,1,0,1
1502,13,0,302,999,0,0
1503,13,0,303,0,0,0
1504,13,0,304,999,0,0
1505,13,0,305,0,0,1
1506,13,0,306,999,0,0
1507,13,0,307,1,0,1
1508,13,0,308,999,0,0
1509,13,0,309,1,0,0
1510,13,0,310,999,0,0
1511,13,0,311,0,0,0
1512,13,0,312,999,0,0
1513,13,0,313,1,0,1
1514,13,0,314,999,0,0
1515,13,0,315,0,0,1
1516,13,0,316,999,0,0
1517,13,0,317,0,0,1
1518,13,0,318,999,0,0
1519,13,0,319,1,0,0
1520,13,0,320,999,0,0
1521,13,0,321,1,0,0
1522,13,0,322,999,0,0
1523,13,0,323,0,0,1
1524,13,0,324,999,0,0
1525,13,0,325,0,0,1
1526,13,0,326,999,0,0
1527,13,0,327,0,0,1
1528,13,0,328,999,0,0
1529,13,0,329,0,0,1
1530,13,0,330,999,0,0
1531,13,0,331,0,0,1
1532,13,0,332,999,0,0
1533,13,0,333,1,0,1
1534,13,0,334,999,0,0
1535,13,0,335,0,0,1
1536,13,0,336,999,0,0
1537,13,0,337,0,0,1
1538,13,0,338,999,0,0
1539,13,0,339,1,0,1
1540,13,0,340,999,0,0
1541,13,0,341,0,0,1
1542,13,0,342,999,0,0
1543,13,0,343,0,0,0
1544,13,0,344,999,0,0
1545,13,0,345,0,0,1
1546,13,0,346,999,0,0
1547,13,0,347,0,0,0
1548,13,0,348,999,0,0
1549,13,0,349,0,0,1
1550,13,0,350,999,0,0
1551,13,0,351,1,0,1
1552,13,0,352,999,0,0
1553,13,0,353,0,0,1
1554,13,0,354,999,0,0
1555,13,0,355,0,0,1
1556,13,0,356,999,0,0
1557,13,0,357,1,0,1
1558,13,0,358,999,0,0
1559,13,0,359,1,0,1
1560,13,0,360,999,0,0
1561,13,0,361,0,0,1
1562,13,0,362,999,0,0
1563,13,0,363,1,0,1
1564,13,0,364,999,0,0
1565,13,0,365,1,0,0
1566,13,0,366,999,0,0
1567,13,0,367,1,0,0
1568,13,0,368,999,0,0
1569,13,0,369,1,0,1
1570,13,0,370,999,0,0
1571,13,0,371,0,0,0
1572,13,0,372,999,0,0
1573,13,0,373,1,0,1
1574,13,0,374,999,0,0
1575,13,0,375,1,0,0
1576,13,0,376,999,0,0
1577,13,0,377,0,0,0
1578,13,0,378,999,0,0
1579,13,0,379,0,0,1
1580,13,0,380,999,0,0
1581,13,0,381,0,0,0
1582,13,0,382,999,0,0
1583,13,0,383,0,0,1
1584,13,0,384,999,0,0
1585,13,0,385,0,0,1
1586,13,0,386,999,0,0
1587,13,0,387,0,0,1
1588,13,0,388,999,0,0
1589,13,0,389,0,0,0
1590,13,0,390,999,0,0
1591,13,0,391,1,0,0
1592,13,0,392,999,0,0
1593,13,0,393,0,0,1
1594,13,0,394,999,0,0
1595,13,0,395,0,0,0
1596,13,0,396,999,0,0
1597,13,0,397,0,0,1
1598,13,0,398,999,0,0
1599,13,0,399,1,0,1
1600,31,0,0,999,0,0
1601,31,0,1,1,1,0
1602,31,0,2,999,1,0
1603,31,0,3,1,0,1
1604,31,0,4,999,0,0
1605,31,0,5,0,0,1
1606,31,0,6,999,1,0
1607,31,0,7,1,0,1
1608,31,0,8,999,0,0
1609,31,0,9,1,0,0
1610,31,0,10,999,0,0
1611,31,0,11,1,0,1
1612,31,0,12,999,1,0
1613,31,0,13,1,1,0
1614,31,0,14,999,0,0
1615,31,0,15,1,0,0
1616,31,0,16,999,1,0
1617,31,0,17,1,1,0
1618,31,0,18,999,0,0
1619,31,0,19,0,0,0
1620,31,0,20,999,0,0
1621,31,0,21,0,0,0
1622,31,0,22,999,0,0
1623,31,0,23,0,1,0
1624,31,0,24,999,1,0
1625,31,0,25,1,0,0
1626,31,0,26,999,1,0
1627,31,0,27,1,1,0
1628,31,0,28,999,1,0
1629,31,0,29,1,1,0
1630,31,0,30,999,1,0
1631,31,0,31,0,1,1
1632,31,0,32,999,0,0
1633,31,0,33,1,0,0
1634,31,0,34,999,0,0
1635,31,0,35,1,1,0
1636,31,0,36,999,0,0
1637,31,0,37,1,1,0
1638,31,0,38,999,0,0
1639,31,0,39,0,1,0
1640,31,0,40,999,0,0
1641,31,0,41,0,1,1
1642,31,0,42,999,1,0
1643,31,0,43,1,1,0
1644,31,0,44,999,0,0
1645,31,0,45,0,1,0
1646,31,0,46,999,1,0
1647,31,0,47,1,1,1
1648,31,0,48,999,1,0
1649,31,0,49,1,1,1
1650,31,0,50,999,0,0
1651,31,0,51,1,1,0
1652,31,0,52,999,1,0
1653,31,0,53,0,0,0
1654,31,0,54,999,0,0
1655,31,0,55,0,0,0
1656,31,0,56,999,0,0
1657,31,0,57,1,0,0
1658,31,0,58,999,0,0
1659,31,0,59,0,1,1
1660,31,0,60,999,1,0
1661,31,0,61,0,1,0
1662,31,0,62,999,1,0
1663,31,0,63,1,0,0
1664,31,0,64,999,1,0
1665,31,0,65,1,0,1
1666,31,0,66,999,0,0
1667,31,0,67,0,1,1
1668,31,0,68,999,1,0
1669,31,0,69,0,1,1
1670,31,0,70,999,1,0
1671,31,0,71,1,0,0
1672,31,0,72,999,1,0
1673,31,0,73,0,1,0
1674,31,0,74,999,1,0
1675,31,0,75,0,1,0
1676,31,0,76,999,0,0
1677,31,0,77,0,0,0
1678,31,0,78,999,1,0
1679,31,0,79,1,1,1
1680,31,0,80,999,0,0
1681,31,0,81,1,0,1
1682,31,0,82,999,0,0
1683,31,0,83,0,0,1
1684,31,0,84,999,0,0
1685,31,0,85,0,0,1
1686,31,0,86,999,1,0
1687,31,0,87,0,0,1
1688,31,0,88,999,0,0
1689,31,0,89,0,0,0
1690,31,0,90,999,0,0
1691,31,0,91,0,0,1
1692,31,0,92,999,0,0
1693,31,0,93,0,0,1
1694,31,0,94,999,0,0
1695,31,0,95,1,1,0
1696,31,0,96,999,0,0
1697,31,0,97,0,0,1
1698,31,0,98,999,0,0
1699,31,0,99,1,0,1
1700,31,0,100,999,0,0
1701,31,0,101,1,0,0
1702,31,0,102,999,1,0
1703,31,0,103,1,1,0
1704,31,0,104,999,1,0
1705,31,0,105,0,0,0
1706,31,0,106,999,1,0
1707,31,0,107,1,0,0
1708,31,0,108,999,0,0
1709,31,0,109,0,0,0
1710,31,0,110,999,0,0
1711,31,0,111,0,1,1
1712,31,0,112,999,0,0
1713,31,0,113,0,1,0
1714,31,0,114,999,1,0
1715,31,0,115,1,1,0
1716,31,0,116,999,0,0
1717,31,0,117,1,0,0
1718,31,0,118,999,1,0
1719,31,0,119,0,1,1
1720,31,0,120,999,1,0
1721,31,0,121,0,1,0
1722,31,0,122,999,0,0
1723,31,0,123,0,1,1
1724,31,0,124,999,1,0
1725,31,0,125,1,0,0
1726,31,0,126,999,0,0
1727,31,0,127,0,1,0
1728,31,0,128,999,0,0
1729,31,0,129,1,1,1
1730,31,0,130,999,0,0
1731,31,0,131,1,0,0
1732,31,0,132,999,0,0
1733,31,0,133,0,1,1
1734,31,0,134,999,1,0
1735,31,0,135,0,1,0
1736,31,0,136,999,0,0
1737,31,0,137,0,1,1
1738,31,0,138,999,1,0
1739,31,0,139,1,0,1
1740,31,0,140,999,0,0
1741,31,0,141,1,0,1
1742,31,0,142,999,1,0
1743,31,0,143,0,1,1
1744,31,0,144,999,0,0
1745,31,0,145,0,1,1
1746,31,0,146,999,1,0
1747,31,0,147,0,1,0
1748,31,0,148,999,1,0
1749,31,0,149,1,1,0
1750,31,0,150,999,1,0
1751,31,0,151,1,0,0
1752,31,0,152,999,0,0
1753,31,0,153,0,1,0
1754,31,0,154,999,0,0
1755,31,0,155,0,0,1
1756,31,0,156,999,1,0
1757,31,0,157,1,1,0
1758,31,0,158,999,1,0
1759,31,0,159,1,0,1
1760,31,0,160,999,1,0
1761,31,0,161,0,0,1
1762,31,0,162,999,1,0
1763,31,0,163,1,1,0
1764,31,0,164,999,0,0
1765,31,0,165,0,1,0
1766,31,0,166,999,0,0
1767,31,0,167,1,1,0
1768,31,0,168,999,0,0
1769,31,0,169,0,1,1
1770,31,0,170,999,0,0
1771,31,0,171,0,1,0
1772,31,0,172,999,1,0
1773,31,0,173,0,1,1
1774,31,0,174,999,0,0
1775,31,0,175,0,1,1
1776,31,0,176,999,1,0
1777,31,0,177,1,0,1
1778,31,0,178,999,0,0
1779,31,0,179,0,1,0
1780,31,0,180,999,0,0
1781,31,0,181,0,1,1
1782,31,0,182,999,1,0
1783,31,0,183,0,1,1
1784,31,0,184,999,0,0
1785,31,0,185,0,1,1
1786,31,0,186,999,0,0
1787,31,0,187,0,1,0
1788,31,0,188,999,0,0
1789,31,0,189,0,1,1
1790,31,0,190,999,0,0
1791,31,0,191,0,1,1
1792,31,0,192,999,0,0
1793,31,0,193,1,1,0
1794,31,0,194,999,1,0
1795,31,0,195,0,1,1
1796,31,0,196,999,0,0
1797,31,0,197,1,1,0
1798,31,0,198,999,1,0
1799,31,0,199,1,0,1
1800,31,0,200,999,0,0
1801,31,0,201,1,0,1
1802,31,0,202,999,1,0
1803,31,0,203,1,0,1
1804,31,0,204,999,0,0
1805,31,0,205,0,1,1
1806,31,0,206,999,1,0
1807,31,0,207,1,0,1
1808,31,0,208,999,0,0
1809,31,0,209,1,0,1
1810,31,0,210,999,0,0
1811,31,0,211,0,1,1
1812,31,0,212,999,1,0
1813,31,0,213,1,0,1
1814,31,0,214,999,0,0
1815,31,0,215,0,1,0
1816,31,0,216,999,1,0
1817,31,0,217,1,0,1
1818,31,0,218,999,0,0
1819,31,0,219,1,0,1
1820,31,0,220,999,1,0
1821,31,0,221,1,0,1
1822,31,0,222,999,0,0
1823,31,0,223,0,1,1
1824,31,0,224,999,1,0
1825,31,0,225,1,0,1
1826,31,0,226,999,0,0
1827,31,0,227,1,0,1
1828,31,0,228,999,0,0
1829,31,0,229,0,1,0
1830,31,0,230,999,1,0
1831,31,0,231,1,0,1
1832,31,0,232,999,1,0
1833,31,0,233,1,0,0
1834,31,0,234,999,1,0
1835,31,0,235,0,1,1
1836,31,0,236,999,1,0
1837,31,0,237,1,0,0
1838,31,0,238,999,0,0
1839,31,0,239,1,0,1
1840,31,0,240,999,1,0
1841,31,0,241,1,0,1
1842,31,0,242,999,1,0
1843,31,0,243,1,0,1
1844,31,0,244,999,0,0
1845,31,0,245,1,0,1
1846,31,0,246,999,0,0
1847,31,0,247,1,0,1
1848,31,0,248,999,0,0
1849,31,0,249,1,0,1
1850,31,0,250,999,0,0
1851,31,0,251,1,0,1
1852,31,0,252,999,0,0
1853,31,0,253,0,1,1
1854,31,0,254,999,0,0
1855,31,0,255,0,1,1
1856,31,0,256,999,1,0
1857,31,0,257,1,0,1
1858,31,0,258,999,0,0
1859,31,0,259,0,1,0
1860,31,0,260,999,1,0
1861,31,0,261,0,1,1
1862,31,0,262,999,1,0
1863,31,0,263,1,0,1
1864,31,0,264,999,0,0
1865,31,0,265,0,1,1
1866,31,0,266,999,1,0
1867,31,0,267,1,0,1
1868,31,0,268,999,0,0
1869,31,0,269,0,1,1
1870,31,0,270,999,1,0
1871,31,0,271,1,0,0
1872,31,0,272,999,1,0
1873,31,0,273,1,0,1
1874,31,0,274,999,0,0
1875,31,0,275,1,0,1
1876,31,0,276,999,0,0
1877,31,0,277,1,0,1
1878,31,0,278,999,1,0
1879,31,0,279,1,0,1
1880,31,0,280,999,0,0
1881,31,0,281,0,1,0
1882,31,0,282,999,0,0
1883,31,0,283,0,1,0
1884,31,0,284,999,0,0
1885,31,0,285,0,1,0
1886,31,0,286,999,1,0
1887,31,0,287,0,1,0
1888,31,0,288,999,1,0
1889,31,0,289,1,0,0
1890,31,0,290,999,0,0
1891,31,0,291,0,1,1
1892,31,0,292,999,0,0
1893,31,0,293,1,0,0
1894,31,0,294,999,0,0
1895,31,0,295,0,1,0
1896,31,0,296,999,0,0
1897,31,0,297,1,0,1
1898,31,0,298,999,1,0
1899,31,0,299,0,1,0
1900,31,0,300,999,0,0
1901,31,0,301,1,0,1
1902,31,0,302,999,0,0
1903,31,0,303,0,1,1
1904,31,0,304,999,0,0
1905,31,0,305,0,1,1
1906,31,0,306,999,0,0
1907,31,0,307,0,1,0
1908,31,0,308,999,0,0
1909,31,0,309,0,1,0
1910,31,0,310,999,0,0
1911,31,0,311,1,0,1
1912,31,0,312,999,0,0
1913,31,0,313,0,1,1
1914,31,0,314,999,1,0
1915,31,0,315,1,0,1
1916,31,0,316,999,0,0
1917,31,0,317,1,0,1
1918,31,0,318,999,0,0
1919,31,0,319,0,1,0
1920,31,0,320,999,0,0
1921,31,0,321,0,1,0
1922,31,0,322,999,1,0
1923,31,0,323,0,1,1
1924,31,0,324,999,0,0
1925,31,0,325,0,1,1
1926,31,0,326,999,0,0
1927,31,0,327,0,1,1
1928,31,0,328,999,1,0
1929,31,0,329,1,0,0
1930,31,0,330,999,0,0
1931,31,0,331,0,1,1
1932,31,0,332,999,1,0
1933,31,0,333,0,1,1
1934,31,0,334,999,0,0
1935,31,0,335,0,1,1
1936,31,0,336,999,0,0
1937,31,0,337,0,1,1
1938,31,0,338,999,1,0
1939,31,0,339,0,1,0
1940,31,0,340,999,0,0
1941,31,0,341,0,1,0
1942,31,0,342,999,1,0
1943,31,0,343,1,0,1
1944,31,0,344,999,1,0
1945,31,0,345,1,0,1
1946,31,0,346,999,0,0
1947,31,0,347,0,1,0
1948,31,0,348,999,1,0
1949,31,0,349,0,1,0
1950,31,0,350,999,0,0
1951,31,0,351,0,1,1
1952,31,0,352,999,1,0
1953,31,0,353,1,0,0
1954,31,0,354,999,0,0
1955,31,0,355,0,1,0
1956,31,0,356,999,0,0
1957,31,0,357,0,1,0
1958,31,0,358,999,0,0
1959,31,0,359,1,0,1
1960,31,0,360,999,0,0
1961,31,0,361,0,1,1
1962,31,0,362,999,0,0
1963,31,0,363,0,1,1
1964,31,0,364,999,0,0
1965,31,0,365,0,1,1
1966,31,0,366,999,0,0
1967,31,0,367,1,0,1
1968,31,0,368,999,0,0
1969,31,0,369,0,1,0
1970,31,0,370,999,1,0
1971,31,0,371,1,0,1
1972,31,0,372,999,1,0
1973,31,0,373,1,0,1
1974,31,0,374,999,1,0
1975,31,0,375,1,0,0
1976,31,0,376,999,0,0
1977,31,0,377,1,0,0
1978,31,0,378,999,1,0
1979,31,0,379,0,1,1
1980,31,0,380,999,0,0
1981,31,0,381,0,1,1
1982,31,0,382,999,0,0
1983,31,0,383,0,1,1
1984,31,0,384,999,1,0
1985,31,0,385,0,1,0
1986,31,0,386,999,0,0
1987,31,0,387,0,1,0
1988,31,0,388,999,1,0
1989,31,0,389,0,1,1
1990,31,0,390,999,1,0
1991,31,0,391,1,0,1
1992,31,0,392,999,0,0
1993,31,0,393,1,0,1
1994,31,0,394,999,0,0
1995,31,0,395,0,1,1
1996,31,0,396,999,1,0
1997,31,0,397,0,1,1
1998,31,0,398,999,0,0
1999,31,0,399,0,1,0
2000,34,0,0,999,0,0
2001,34,0,1,0,0,0
2002,34,0,2,999,1,0
2003,34,0,3,0,1,0
2004,34,0,4,999,0,0
2005,34,0,5,0,0,1
2006,34,0,6,999,0,0
2007,34,0,7,0,0,0
2008,34,0,8,999,1,0
2009,34,0,9,1,1,1
2010,34,0,10,999,0,0
2011,34,0,11,0,1,1
2012,34,0,12,999,1,0
2013,34,0,13,1,1,0
2014,34,0,14,999,0,0
2015,34,0,15,1,1,1
2016,34,0,16,999,1,0
2017,34,0,17,1,1,1
2018,34,0,18,999,1,0
2019,34,0,19,1,1,1
2020,34,0,20,999,0,0
2021,34,0,21,1,1,1
2022,34,0,22,999,0,0
2023,34,0,23,1,1,1
2024,34,0,24,999,1,0
2025,34,0,25,1,1,0
2026,34,0,26,999,0,0
2027,34,0,27,0,0,0
2028,34,0,28,999,0,0
2029,34,0,29,0,0,0
2030,34,0,30,999,0,0
2031,34,0,31,0,0,1
2032,34,0,32,999,1,0
2033,34,0,33,1,0,0
2034,34,0,34,999,0,0
2035,34,0,35,1,1,0
2036,34,0,36,999,0,0
2037,34,0,37,0,1,1
2038,34,0,38,999,1,0
2039,34,0,39,1,1,0
2040,34,0,40,999,0,0
2041,34,0,41,1,1,1
2042,34,0,42,999,0,0
2043,34,0,43,1,1,0
2044,34,0,44,999,1,0
2045,34,0,45,1,1,1
2046,34,0,46,999,0,0
2047,34,0,47,0,1,0
2048,34,0,48,999,0,0
2049,34,0,49,0,1,1
2050,34,0,50,999,1,0
2051,34,0,51,1,1,0
2052,34,0,52,999,0,0
2053,34,0,53,0,1,1
2054,34,0,54,999,1,0
2055,34,0,55,0,1,1
2056,34,0,56,999,0,0
2057,34,0,57,0,1,1
2058,34,0,58,999,1,0
2059,34,0,59,1,0,1
2060,34,0,60,999,1,0
2061,34,0,61,1,0,0
2062,34,0,62,999,0,0
2063,34,0,63,0,1,0
2064,34,0,64,999,0,0
2065,34,0,65,1,0,0
2066,34,0,66,999,1,0
2067,34,0,67,1,0,1
2068,34,0,68,999,1,0
2069,34,0,69,1,0,0
2070,34,0,70,999,1,0
2071,34,0,71,1,0,1
2072,34,0,72,999,1,0
2073,34,0,73,1,0,1
2074,34,0,74,999,1,0
2075,34,0,75,1,0,1
2076,34,0,76,999,1,0
2077,34,0,77,1,0,1
2078,34,0,78,999,0,0
2079,34,0,79,1,0,1
2080,34,0,80,999,1,0
2081,34,0,81,1,0,0
2082,34,0,82,999,1,0
2083,34,0,83,1,0,1
2084,34,0,84,999,1,0
2085,34,0,85,1,0,1
2086,34,0,86,999,1,0
2087,34,0,87,1,0,1
2088,34,0,88,999,1,0
2089,34,0,89,1,0,1
2090,34,0,90,999,1,0
2091,34,0,91,0,1,0
2092,34,0,92,999,1,0
2093,34,0,93,0,1,1
2094,34,0,94,999,1,0
2095,34,0,95,0,1,0
2096,34,0,96,999,1,0
2097,34,0,97,1,0,1
2098,34,0,98,999,1,0
2099,34,0,99,1,0,1
2100,34,0,100,999,1,0
2101,34,0,101,1,0,0
2102,34,0,102,999,1,0
2103,34,0,103,0,1,1
2104,34,0,104,999,1,0
2105,34,0,105,1,0,1
2106,34,0,106,999,1,0
2107,34,0,107,1,0,0
2108,34,0,108,999,1,0
2109,34,0,109,1,0,0
2110,34,0,110,999,1,0
2111,34,0,111,0,1,1
2112,34,0,112,999,1,0
2113,34,0,113,0,1,1
2114,34,0,114,999,1,0
2115,34,0,115,0,1,0
2116,34,0,116,999,1,0
2117,34,0,117,1,0,1
2118,34,0,118,999,1,0
2119,34,0,119,0,1,0
2120,34,0,120,999,1,0
2121,34,0,121,1,0,1
2122,34,0,122,999,1,0
2123,34,0,123,1,0,1
2124,34,0,124,999,1,0
2125,34,0,125,1,0,1
2126,34,0,126,999,1,0
2127,34,0,127,1,0,1
2128,34,0,128,999,1,0
2129,34,0,129,1,0,1
2130,34,0,130,999,1,0
2131,34,0,131,1,0,1
2132,34,0,132,999,1,0
2133,34,0,133,1,0,1
2134,34,0,134,999,1,0
2135,34,0,135,1,0,1
2136,34,0,136,999,1,0
2137,34,0,137,1,0,1
2138,34,0,138,999,1,0
2139,34,0,139,1,0,1
2140,34,0,140,999,1,0
2141,34,0,141,1,0,1
2142,34,0,142,999,1,0
2143,34,0,143,1,0,0
2144,34,0,144,999,1,0
2145,34,0,145,0,1,1
2146,34,0,146,999,1,0
2147,34,0,147,1,0,1
2148,34,0,148,999,1,0
2149,34,0,149,1,0,0
2150,34,0,150,999,1,0
2151,34,0,151,0,1,1
2152,34,0,152,999,1,0
2153,34,0,153,1,0,0
2154,34,0,154,999,1,0
2155,34,0,155,0,1,1
2156,34,0,156,999,1,0
2157,34,0,157,1,0,1
2158,34,0,158,999,1,0
2159,34,0,159,0,1,1
2160,34,0,160,999,1,0
2161,34,0,161,1,0,0
2162,34,0,162,999,1,0
2163,34,0,163,1,0,0
2164,34,0,164,999,1,0
2165,34,0,165,1,0,0
2166,34,0,166,999,1,0
2167,34,0,167,1,0,0
2168,34,0,168,999,1,0
2169,34,0,169,0,1,1
2170,34,0,170,999,1,0
2171,34,0,171,0,1,1
2172,34,0,172,999,1,0
2173,34,0,173,0,1,1
2174,34,0,174,999,1,0
2175,34,0,175,0,1,1
2176,34,0,176,999,1,0
2177,34,0,177,0,1,1
2178,34,0,178,999,1,0
2179,34,0,179,1,1,1
2180,34,0,180,999,1,0
2181,34,0,181,1,1,1
2182,34,0,182,999,1,0
2183,34,0,183,1,1,0
2184,34,0,184,999,1,0
2185,34,0,185,0,1,1
2186,34,0,186,999,1,0
2187,34,0,187,1,1,0
2188,34,0,188,999,1,0
2189,34,0,189,0,1,0
2190,34,0,190,999,1,0
2191,34,0,191,0,1,1
2192,34,0,192,999,1,0
2193,34,0,193,0,1,0
2194,34,0,194,999,1,0
2195,34,0,195,0,1,1
2196,34,0,196,999,1,0
2197,34,0,197,1,1,0
2198,34,0,198,999,1,0
2199,34,0,199,1,1,1
2200,34,0,200,999,1,0
2201,34,0,201,0,1,1
2202,34,0,202,999,1,0
2203,34,0,203,1,1,1
2204,34,0,204,999,1,0
2205,34,0,205,1,1,1
2206,34,0,206,999,1,0
2207,34,0,207,0,1,1
2208,34,0,208,999,1,0
2209,34,0,209,1,1,0
2210,34,0,210,999,1,0
2211,34,0,211,1,1,1
2212,34,0,212,999,1,0
2213,34,0,213,1,1,0
2214,34,0,214,999,1,0
2215,34,0,215,1,1,1
2216,34,0,216,999,1,0
2217,34,0,217,0,1,1
2218,34,0,218,999,1,0
2219,34,0,219,0,1,1
2220,34,0,220,999,1,0
2221,34,0,221,0,1,0
2222,34,0,222,999,1,0
2223,34,0,223,1,1,0
2224,34,0,224,999,1,0
2225,34,0,225,1,1,1
2226,34,0,226,999,1,0
2227,34,0,227,0,1,1
2228,34,0,228,999,1,0
2229,34,0,229,1,1,1
2230,34,0,230,999,1,0
2231,34,0,231,0,1,0
2232,34,0,232,999,1,0
2233,34,0,233,0,1,1
2234,34,0,234,999,1,0
2235,34,0,235,1,1,0
2236,34,0,236,999,1,0
2237,34,0,237,1,1,1
2238,34,0,238,999,1,0
2239,34,0,239,0,1,0
2240,34,0,240,999,1,0
2241,34,0,241,1,1,1
2242,34,0,242,999,1,0
2243,34,0,243,1,1,1
2244,34,0,244,999,1,0
2245,34,0,245,0,1,1
2246,34,0,246,999,1,0
2247,34,0,247,1,1,0
2248,34,0,248,999,1,0
2249,34,0,249,1,1,0
2250,34,0,250,999,1,0
2251,34,0,251,0,1,1
2252,34,0,252,999,1,0
2253,34,0,253,1,1,1
2254,34,0,254,999,1,0
2255,34,0,255,0,1,1
2256,34,0,256,999,1,0
2257,34,0,257,1,1,0
2258,34,0,258,999,1,0
2259,34,0,259,1,1,1
2260,34,0,260,999,1,0
2261,34,0,261,1,1,0
2262,34,0,262,999,1,0
2263,34,0,263,1,1,0
2264,34,0,264,999,1,0
2265,34,0,265,0,1,1
2266,34,0,266,999,1,0
2267,34,0,267,1,1,1
2268,34,0,268,999,1,0
2269,34,0,269,1,1,0
2270,34,0,270,999,1,0
2271,34,0,271,1,1,0
2272,34,0,272,999,1,0
2273,34,0,273,1,1,1
2274,34,0,274,999,1,0
2275,34,0,275,0,1,0
2276,34,0,276,999,1,0
2277,34,0,277,1,1,0
2278,34,0,278,999,1,0
2279,34,0,279,1,1,0
2280,34,0,280,999,1,0
2281,34,0,281,1,1,1
2282,34,0,282,999,1,0
2283,34,0,283,0,1,1
2284,34,0,284,999,1,0
2285,34,0,285,1,1,0
2286,34,0,286,999,1,0
2287,34,0,287,1,1,0
2288,34,0,288,999,1,0
2289,34,0,289,1,1,0
2290,34,0,290,999,1,0
2291,34,0,291,0,1,1
2292,34,0,292,999,1,0
2293,34,0,293,1,1,0
2294,34,0,294,999,1,0
2295,34,0,295,1,1,0
2296,34,0,296,999,1,0
2297,34,0,297,1,1,1
2298,34,0,298,999,1,0
2299,34,0,299,1,1,0
2300,34,0,300,999,1,0
2301,34,0,301,1,1,0
2302,34,0,302,999,1,0
2303,34,0,303,1,1,1
2304,34,0,304,999,1,0
2305,34,0,305,1,1,1
2306,34,0,306,999,1,0
2307,34,0,307,1,1,0
2308,34,0,308,999,1,0
2309,34,0,309,1,1,0
2310,34,0,310,999,1,0
2311,34,0,311,1,1,0
2312,34,0,312,999,1,0
2313,34,0,313,1,1,1
2314,34,0,314,999,1,0
2315,34,0,315,1,1,1
2316,34,0,316,999,1,0
2317,34,0,317,1,1,0
2318,34,0,318,999,1,0
2319,34,0,319,1,1,0
2320,34,0,320,999,1,0
2321,34,0,321,1,1,1
2322,34,0,322,999,1,0
2323,34,0,323,1,1,1
2324,34,0,324,999,1,0
2325,34,0,325,1,1,1
2326,34,0,326,999,1,0
2327,34,0,327,1,1,1
2328,34,0,328,999,1,0
2329,34,0,329,0,1,1
2330,34,0,330,999,1,0
2331,34,0,331,0,1,1
2332,34,0,332,999,1,0
2333,34,0,333,1,1,1
2334,34,0,334,999,1,0
2335,34,0,335,0,1,0
2336,34,0,336,999,1,0
2337,34,0,337,1,1,1
2338,34,0,338,999,1,0
2339,34,0,339,0,1,1
2340,34,0,340,999,1,0
2341,34,0,341,1,1,1
2342,34,0,342,999,1,0
2343,34,0,343,1,1,1
2344,34,0,344,999,1,0
2345,34,0,345,0,1,1
2346,34,0,346,999,1,0
2347,34,0,347,1,1,1
2348,34,0,348,999,1,0
2349,34,0,349,1,1,0
2350,34,0,350,999,1,0
2351,34,0,351,1,1,0
2352,34,0,352,999,1,0
2353,34,0,353,1,1,0
2354,34,0,354,999,1,0
2355,34,0,355,1,1,1
2356,34,0,356,999,1,0
2357,34,0,357,0,1,0
2358,34,0,358,999,1,0
2359,34,0,359,0,1,0
2360,34,0,360,999,1,0
2361,34,0,361,1,1,1
2362,34,0,362,999,1,0
2363,34,0,363,0,1,1
2364,34,0,364,999,1,0
2365,34,0,365,1,1,0
2366,34,0,366,999,1,0
2367,34,0,367,0,1,1
2368,34,0,368,999,1,0
2369,34,0,369,1,1,0
2370,34,0,370,999,1,0
2371,34,0,371,1,1,1
2372,34,0,372,999,1,0
2373,34,0,373,0,1,1
2374,34,0,374,999,1,0
2375,34,0,375,0,1,1
2376,34,0,376,999,1,0
2377,34,0,377,0,1,0
2378,34,0,378,999,1,0
2379,34,0,379,0,1,0
2380,34,0,380,999,1,0
2381,34,0,381,1,1,0
2382,34,0,382,999,1,0
2383,34,0,383,0,1,0
2384,34,0,384,999,1,0
2385,34,0,385,1,1,0
2386,34,0,386,999,1,0
2387,34,0,387,1,1,0
2388,34,0,388,999,1,0
2389,34,0,389,0,1,0
2390,34,0,390,999,1,0
2391,34,0,391,1,1,1
2392,34,0,392,999,1,0
2393,34,0,393,1,1,0
2394,34,0,394,999,1,0
2395,34,0,395,1,1,1
2396,34,0,396,999,1,0
2397,34,0,397,1,1,1
2398,34,0,398,999,1,0
2399,34,0,399,1,1,1
2400,51,0,0,999,0,0
2401,51,0,1,0,0,1
2402,51,0,2,999,1,0
2403,51,0,3,1,1,0
2404,51,0,4,999,0,0
2405,51,0,5,0,0,1
2406,51,0,6,999,0,0
2407,51,0,7,1,0,1
2408,51,0,8,999,0,0
2409,51,0,9,0,1,1
2410,51,0,10,999,0,0
2411,51,0,11,0,1,0
2412,51,0,12,999,0,0
2413,51,0,13,1,1,0
2414,51,0,14,999,0,0
2415,51,0,15,0,1,0
2416,51,0,16,999,0,0
2417,51,0,17,0,0,1
2418,51,0,18,999,0,0
2419,51,0,19,0,0,1
2420,51,0,20,999,0,0
2421,51,0,21,0,0,0
2422,51,0,22,999,0,0
2423,51,0,23,1,1,1
2424,51,0,24,999,0,0
2425,51,0,25,1,1,0
2426,51,0,26,999,0,0
2427,51,0,27,0,0,0
2428,51,0,28,999,0,0
2429,51,0,29,0,0,1
2430,51,0,30,999,0,0
2431,51,0,31,1,0,0
2432,51,0,32,999,0,0
2433,51,0,33,1,1,0
2434,51,0,34,999,0,0
2435,51,0,35,0,0,1
2436,51,0,36,999,0,0
2437,51,0,37,0,0,1
2438,51,0,38,999,0,0
2439,51,0,39,1,0,1
2440,51,0,40,999,0,0
2441,51,0,41,1,0,1
2442,51,0,42,999,0,0
2443,51,0,43,0,0,1
2444,51,0,44,999,0,0
2445,51,0,45,0,0,1
2446,51,0,46,999,0,0
2447,51,0,47,0,0,1
2448,51,0,48,999,0,0
2449,51,0,49,0,0,1
2450,51,0,50,999,0,0
2451,51,0,51,0,0,1
2452,51,0,52,999,0,0
2453,51,0,53,0,0,1
2454,51,0,54,999,0,0
2455,51,0,55,1,0,0
2456,51,0,56,999,0,0
2457,51,0,57,1,1,0
2458,51,0,58,999,0,0
2459,51,0,59,0,0,1
2460,51,0,60,999,0,0
2461,51,0,61,0,0,1
2462,51,0,62,999,0,0
2463,51,0,63,0,0,0
2464,51,0,64,999,0,0
2465,51,0,65,0,0,1
2466,51,0,66,999,0,0
2467,51,0,67,0,0,0
2468,51,0,68,999,0,0
2469,51,0,69,1,1,0
2470,51,0,70,999,0,0
2471,51,0,71,0,0,1
2472,51,0,72,999,0,0
2473,51,0,73,0,0,0
2474,51,0,74,999,0,0
2475,51,0,75,0,0,1
2476,51,0,76,999,0,0
2477,51,0,77,0,0,0
2478,51,0,78,999,0,0
2479,51,0,79,0,0,0
2480,51,0,80,999,0,0
2481,51,0,81,0,0,0
2482,51,0,82,999,0,0
2483,51,0,83,1,1,1
2484,51,0,84,999,0,0
2485,51,0,85,1,1,1
2486,51,0,86,999,0,0
2487,51,0,87,0,1,0
2488,51,0,88,999,0,0
2489,51,0,89,0,0,0
2490,51,0,90,999,0,0
2491,51,0,91,0,0,1
2492,51,0,92,999,0,0
2493,51,0,93,0,0,1
2494,51,0,94,999,0,0
2495,51,0,95,1,1,1
2496,51,0,96,999,0,0
2497,51,0,97,1,1,0
2498,51,0,98,999,0,0
2499,51,0,99,1,1,0
2500,51,0,100,999,0,0
2501,51,0,101,0,0,1
2502,51,0,102,999,0,0
2503,51,0,103,0,0,0
2504,51,0,104,999,0,0
2505,51,0,105,0,0,0
2506,51,0,106,999,0,0
2507,51,0,107,0,0,1
2508,51,0,108,999,0,0
2509,51,0,109,0,0,0
2510,51,0,110,999,0,0
2511,51,0,111,0,0,1
2512,51,0,112,999,0,0
2513,51,0,113,1,1,0
2514,51,0,114,999,0,0
2515,51,0,115,0,0,1
2516,51,0,116,999,0,0
2517,51,0,117,0,0,1
2518,51,0,118,999,0,0
2519,51,0,119,1,0,1
2520,51,0,120,999,0,0
2521,51,0,121,0,0,1
2522,51,0,122,999,0,0
2523,51,0,123,0,0,1
2524,51,0,124,999,0,0
2525,51,0,125,0,0,0
2526,51,0,126,999,0,0
2527,51,0,127,0,0,1
2528,51,0,128,999,0,0
2529,51,0,129,0,0,1
2530,51,0,130,999,0,0
2531,51,0,131,0,0,1
2532,51,0,132,999,0,0
2533,51,0,133,0,0,1
2534,51,0,134,999,0,0
2535,51,0,135,1,0,1
2536,51,0,136,999,0,0
2537,51,0,137,0,0,1
2538,51,0,138,999,0,0
2539,51,0,139,0,0,1
2540,51,0,140,999,0,0
2541,51,0,141,0,0,1
2542,51,0,142,999,0,0
2543,51,0,143,0,0,0
2544,51,0,144,999,0,0
2545,51,0,145,0,0,0
2546,51,0,146,999,0,0
2547,51,0,147,0,0,1
2548,51,0,148,999,0,0
2549,51,0,149,0,0,0
2550,51,0,150,999,0,0
2551,51,0,151,0,0,0
2552,51,0,152,999,0,0
2553,51,0,153,0,0,1
2554,51,0,154,999,0,0
2555,51,0,155,0,0,1
2556,51,0,156,999,0,0
2557,51,0,157,0,0,1
2558,51,0,158,999,0,0
2559,51,0,159,0,0,1
2560,51,0,160,999,0,0
2561,51,0,161,1,0,1
2562,51,0,162,999,0,0
2563,51,0,163,1,0,0
2564,51,0,164,999,0,0
2565,51,0,165,0,0,1
2566,51,0,166,999,0,0
2567,51,0,167,1,0,1
2568,51,0,168,999,0,0
2569,51,0,169,0,0,0
2570,51,0,170,999,0,0
2571,51,0,171,1,0,0
2572,51,0,172,999,0,0
2573,51,0,173,0,0,1
2574,51,0,174,999,0,0
2575,51,0,175,0,0,0
2576,51,0,176,999,0,0
2577,51,0,177,0,0,1
2578,51,0,178,999,0,0
2579,51,0,179,0,0,1
2580,51,0,180,999,0,0
2581,51,0,181,0,0,0
2582,51,0,182,999,0,0
2583,51,0,183,0,0,1
2584,51,0,184,999,0,0
2585,51,0,185,1,0,1
2586,51,0,186,999,0,0
2587,51,0,187,0,0,1
2588,51,0,188,999,0,0
2589,51,0,189,0,0,1
2590,51,0,190,999,0,0
2591,51,0,191,1,0,1
2592,51,0,192,999,0,0
2593,51,0,193,0,0,0
2594,51,0,194,999,0,0
2595,51,0,195,0,0,0
2596,51,0,196,999,0,0
2597,51,0,197,0,0,0
2598,51,0,198,999,0,0
2599,51,0,199,1,0,0
2600,51,0,200,999,0,0
2601,51,0,201,0,0,1
2602,51,0,202,999,0,0
2603,51,0,203,1,0,1
2604,51,0,204,999,0,0
2605,51,0,205,1,0,1
2606,51,0,206,999,0,0
2607,51,0,207,0,0,1
2608,51,0,208,999,0,0
2609,51,0,209,1,0,1
2610,51,0,210,999,0,0
2611,51,0,211,0,0,1
2612,51,0,212,999,0,0
2613,51,0,213,1,0,1
2614,51,0,214,999,0,0
2615,51,0,215,0,0,0
2616,51,0,216,999,0,0
2617,51,0,217,0,0,1
2618,51,0,218,999,0,0
2619,51,0,219,0,0,1
2620,51,0,220,999,0,0
2621,51,0,221,1,0,0
2622,51,0,222,999,0,0
2623,51,0,223,0,0,1
2624,51,0,224,999,0,0
2625,51,0,225,0,0,1
2626,51,0,226,999,0,0
2627,51,0,227,0,0,1
2628,51,0,228,999,0,0
2629,51,0,229,0,0,1
2630,51,0,230,999,0,0
2631,51,0,231,0,0,0
2632,51,0,232,999,0,0
2633,51,0,233,1,0,1
2634,51,0,234,999,0,0
2635,51,0,235,0,0,1
2636,51,0,236,999,0,0
2637,51,0,237,1,0,0
2638,51,0,238,999,0,0
2639,51,0,239,1,0,0
2640,51,0,240,999,0,0
2641,51,0,241,1,0,0
2642,51,0,242,999,0,0
2643,51,0,243,0,0,0
2644,51,0,244,999,0,0
2645,51,0,245,0,0,1
2646,51,0,246,999,0,0
2647,51,0,247,0,0,1
2648,51,0,248,999,0,0
2649,51,0,249,1,0,0
2650,51,0,250,999,0,0
2651,51,0,251,0,0,1
2652,51,0,252,999,0,0
2653,51,0,253,0,0,1
2654,51,0,254,999,0,0
2655,51,0,255,1,0,1
2656,51,0,256,999,0,0
2657,51,0,257,0,0,0
2658,51,0,258,999,0,0
2659,51,0,259,0,0,1
2660,51,0,260,999,0,0
2661,51,0,261,1,0,0
2662,51,0,262,999,0,0
2663,51,0,263,0,0,0
2664,51,0,264,999,0,0
2665,51,0,265,0,0,0
2666,51,0,266,999,0,0
2667,51,0,267,1,0,1
2668,51,0,268,999,0,0
2669,51,0,269,0,0,1
2670,51,0,270,999,0,0
2671,51,0,271,0,0,1
2672,51,0,272,999,0,0
2673,51,0,273,0,0,1
2674,51,0,274,999,0,0
2675,51,0,275,0,0,0
2676,51,0,276,999,0,0
2677,51,0,277,0,0,0
2678,51,0,278,999,0,0
2679,51,0,279,0,0,1
2680,51,0,280,999,0,0
2681,51,0,281,0,0,0
2682,51,0,282,999,0,0
2683,51,0,283,0,0,0
2684,51,0,284,999,0,0
2685,51,0,285,0,0,0
2686,51,0,286,999,0,0
2687,51,0,287,0,0,0
2688,51,0,288,999,0,0
2689,51,0,289,1,0,0
2690,51,0,290,999,0,0
2691,51,0,291,0,1,0
2692,51,0,292,999,0,0
2693,51,0,293,0,0,1
2694,51,0,294,999,0,0
2695,51,0,295,0,0,0
2696,51,0,296,999,0,0
2697,51,0,297,0,0,0
2698,51,0,298,999,0,0
2699,51,0,299,1,0,0
2700,51,0,300,999,0,0
2701,51,0,301,0,0,0
2702,51,0,302,999,0,0
2703,51,0,303,0,0,0
2704,51,0,304,999,0,0
2705,51,0,305,0,0,1
2706,51,0,306,999,0,0
2707,51,0,307,0,0,0
2708,51,0,308,999,0,0
2709,51,0,309,1,0,0
2710,51,0,310,999,0,0
2711,51,0,311,1,0,0
2712,51,0,312,999,0,0
2713,51,0,313,0,0,1
2714,51,0,314,999,0,0
2715,51,0,315,0,0,0
2716,51,0,316,999,0,0
2717,51,0,317,0,0,1
2718,51,0,318,999,0,0
2719,51,0,319,0,0,1
2720,51,0,320,999,0,0
2721,51,0,321,0,0,1
2722,51,0,322,999,0,0
2723,51,0,323,1,0,0
2724,51,0,324,999,0,0
2725,51,0,325,1,0,0
2726,51,0,326,999,0,0
2727,51,0,327,0,0,0
2728,51,0,328,999,0,0
2729,51,0,329,1,0,1
2730,51,0,330,999,0,0
2731,51,0,331,0,0,1
2732,51,0,332,999,0,0
2733,51,0,333,0,0,0
2734,51,0,334,999,0,0
2735,51,0,335,1,0,1
2736,51,0,336,999,0,0
2737,51,0,337,0,0,1
2738,51,0,338,999,0,0
2739,51,0,339,0,0,0
2740,51,0,340,999,0,0
2741,51,0,341,0,0,1
2742,51,0,342,999,0,0
2743,51,0,343,0,0,0
2744,51,0,344,999,0,0
2745,51,0,345,1,0,1
2746,51,0,346,999,0,0
2747,51,0,347,0,0,1
2748,51,0,348,999,0,0
2749,51,0,349,0,0,0
2750,51,0,350,999,0,0
2751,51,0,351,1,0,1
2752,51,0,352,999,0,0
2753,51,0,353,0,0,0
2754,51,0,354,999,0,0
2755,51,0,355,0,0,1
2756,51,0,356,999,0,0
2757,51,0,357,0,0,0
2758,51,0,358,999,0,0
2759,51,0,359,0,0,0
2760,51,0,360,999,0,0
2761,51,0,361,0,0,0
2762,51,0,362,999,0,0
2763,51,0,363,0,0,1
2764,51,0,364,999,0,0
2765,51,0,365,0,0,1
2766,51,0,366,999,0,0
2767,51,0,367,0,0,0
2768,51,0,368,999,0,0
2769,51,0,369,1,0,1
2770,51,0,370,999,0,0
2771,51,0,371,0,0,0
2772,51,0,372,999,0,0
2773,51,0,373,1,0,1
2774,51,0,374,999,0,0
2775,51,0,375,0,0,1
2776,51,0,376,999,0,0
2777,51,0,377,0,0,0
2778,51,0,378,999,0,0
2779,51,0,379,0,0,1
2780,51,0,380,999,0,0
2781,51,0,381,0,0,0
2782,51,0,382,999,0,0
2783,51,0,383,0,0,0
2784,51,0,384,999,0,0
2785,51,0,385,0,0,0
2786,51,0,386,999,0,0
2787,51,0,387,1,0,1
2788,51,0,388,999,0,0
2789,51,0,389,0,0,0
2790,51,0,390,999,0,0
2791,51,0,391,1,0,1
2792,51,0,392,999,0,0
2793,51,0,393,0,0,1
2794,51,0,394,999,0,0
2795,51,0,395,0,0,1
2796,51,0,396,999,0,0
2797,51,0,397,1,0,1
2798,51,0,398,999,0,0
2799,51,0,399,1,0,0
2800,52,0,0,999,1,0
2801,52,0,1,0,0,0
2802,52,0,2,999,0,0
2803,52,0,3,0,1,1
2804,52,0,4,999,0,0
2805,52,0,5,0,0,0
2806,52,0,6,999,1,0
2807,52,0,7,1,1,0
2808,52,0,8,999,1,0
2809,52,0,9,1,0,1
2810,52,0,10,999,1,0
2811,52,0,11,1,0,0
2812,52,0,12,999,0,0
2813,52,0,13,0,1,1
2814,52,0,14,999,0,0
2815,52,0,15,0,1,1
2816,52,0,16,999,0,0
2817,52,0,17,0,1,1
2818,52,0,18,999,0,0
2819,52,0,19,0,1,1
2820,52,0,20,999,0,0
2821,52,0,21,1,1,1
2822,52,0,22,999,0,0
2823,52,0,23,0,1,0
2824,52,0,24,999,0,0
2825,52,0,25,1,1,1
2826,52,0,26,999,0,0
2827,52,0,27,1,1,1
2828,52,0,28,999,0,0
2829,52,0,29,1,1,1
2830,52,0,30,999,0,0
2831,52,0,31,0,0,0
2832,52,0,32,999,0,0
2833,52,0,33,0,1,0
2834,52,0,34,999,1,0
2835,52,0,35,1,1,1
2836,52,0,36,999,1,0
2837,52,0,37,1,1,1
2838,52,0,38,999,1,0
2839,52,0,39,1,1,0
2840,52,0,40,999,1,0
2841,52,0,41,0,1,0
2842,52,0,42,999,0,0
2843,52,0,43,0,1,1
2844,52,0,44,999,0,0
2845,52,0,45,0,1,1
2846,52,0,46,999,0,0
2847,52,0,47,0,1,1
2848,52,0,48,999,0,0
2849,52,0,49,0,1,1
2850,52,0,50,999,0,0
2851,52,0,51,1,1,1
2852,52,0,52,999,0,0
2853,52,0,53,0,1,0
2854,52,0,54,999,1,0
2855,52,0,55,0,1,0
2856,52,0,56,999,1,0
2857,52,0,57,0,1,0
2858,52,0,58,999,1,0
2859,52,0,59,1,1,0
2860,52,0,60,999,0,0
2861,52,0,61,0,0,1
2862,52,0,62,999,0,0
2863,52,0,63,1,0,1
2864,52,0,64,999,0,0
2865,52,0,65,0,0,0
2866,52,0,66,999,1,0
2867,52,0,67,1,0,1
2868,52,0,68,999,1,0
2869,52,0,69,1,0,0
2870,52,0,70,999,1,0
2871,52,0,71,0,0,0
2872,52,0,72,999,1,0
2873,52,0,73,1,1,1
2874,52,0,74,999,1,0
2875,52,0,75,1,1,1
2876,52,0,76,999,1,0
2877,52,0,77,1,1,1
2878,52,0,78,999,1,0
2879,52,0,79,1,1,1
2880,52,0,80,999,1,0
2881,52,0,81,0,1,0
2882,52,0,82,999,1,0
2883,52,0,83,1,1,1
2884,52,0,84,999,1,0
2885,52,0,85,1,1,0
2886,52,0,86,999,1,0
2887,52,0,87,1,1,1
2888,52,0,88,999,1,0
2889,52,0,89,0,0,1
2890,52,0,90,999,1,0
2891,52,0,91,1,1,0
2892,52,0,92,999,0,0
2893,52,0,93,0,0,1
2894,52,0,94,999,0,0
2895,52,0,95,0,0,1
2896,52,0,96,999,0,0
2897,52,0,97,0,0,1
2898,52,0,98,999,0,0
2899,52,0,99,0,0,0
2900,52,0,100,999,0,0
2901,52,0,101,1,1,0
2902,52,0,102,999,1,0
2903,52,0,103,1,0,1
2904,52,0,104,999,1,0
2905,52,0,105,1,0,0
2906,52,0,106,999,1,0
2907,52,0,107,1,0,0
2908,52,0,108,999,1,0
2909,52,0,109,1,0,1
2910,52,0,110,999,1,0
2911,52,0,111,1,0,0
2912,52,0,112,999,1,0
2913,52,0,113,1,0,0
2914,52,0,114,999,0,0
2915,52,0,115,1,0,1
2916,52,0,116,999,0,0
2917,52,0,117,0,1,1
2918,52,0,118,999,0,0
2919,52,0,119,0,1,0
2920,52,0,120,999,0,0
2921,52,0,121,0,1,1
2922,52,0,122,999,0,0
2923,52,0,123,0,1,0
2924,52,0,124,999,1,0
2925,52,0,125,0,1,1
2926,52,0,126,999,1,0
2927,52,0,127,1,1,1
2928,52,0,128,999,1,0
2929,52,0,129,1,1,0
2930,52,0,130,999,1,0
2931,52,0,131,1,1,0
2932,52,0,132,999,1,0
2933,52,0,133,1,1,1
2934,52,0,134,999,1,0
2935,52,0,135,1,1,0
2936,52,0,136,999,1,0
2937,52,0,137,1,1,0
2938,52,0,138,999,1,0
2939,52,0,139,1,0,1
2940,52,0,140,999,1,0
2941,52,0,141,0,1,1
2942,52,0,142,999,1,0
2943,52,0,143,0,1,0
2944,52,0,144,999,1,0
2945,52,0,145,1,0,0
2946,52,0,146,999,1,0
2947,52,0,147,1,1,1
2948,52,0,148,999,1,0
2949,52,0,149,1,1,0
2950,52,0,150,999,1,0
2951,52,0,151,1,1,0
2952,52,0,152,999,1,0
2953,52,0,153,1,0,1
2954,52,0,154,999,1,0
2955,52,0,155,1,0,0
2956,52,0,156,999,0,0
2957,52,0,157,0,1,0
2958,52,0,158,999,0,0
2959,52,0,159,0,1,1
2960,52,0,160,999,0,0
2961,52,0,161,1,1,1
2962,52,0,162,999,0,0
2963,52,0,163,0,1,1
2964,52,0,164,999,0,0
2965,52,0,165,0,1,1
2966,52,0,166,999,0,0
2967,52,0,167,1,1,1
2968,52,0,168,999,0,0
2969,52,0,169,0,1,1
2970,52,0,170,999,0,0
2971,52,0,171,1,1,1
2972,52,0,172,999,0,0
2973,52,0,173,1,1,0
2974,52,0,174,999,0,0
2975,52,0,175,0,1,1
2976,52,0,176,999,0,0
2977,52,0,177,0,1,1
2978,52,0,178,999,0,0
2979,52,0,179,0,1,1
2980,52,0,180,999,0,0
2981,52,0,181,0,1,1
2982,52,0,182,999,0,0
2983,52,0,183,0,1,1
2984,52,0,184,999,0,0
2985,52,0,185,0,1,1
2986,52,0,186,999,0,0
2987,52,0,187,0,1,1
2988,52,0,188,999,0,0
2989,52,0,189,0,1,1
2990,52,0,190,999,0,0
2991,52,0,191,0,1,0
2992,52,0,192,999,0,0
2993,52,0,193,0,1,1
2994,52,0,194,999,0,0
2995,52,0,195,1,1,0
2996,52,0,196,999,0,0
2997,52,0,197,1,1,1
2998,52,0,198,999,0,0
2999,52,0,199,0,1,1
3000,52,0,200,999,0,0
3001,52,0,201,1,1,0
3002,52,0,202,999,0,0
3003,52,0,203,0,1,1
3004,52,0,204,999,0,0
3005,52,0,205,0,1,1
3006,52,0,206,999,0,0
3007,52,0,207,1,0,1
3008,52,0,208,999,0,0
3009,52,0,209,1,0,1
3010,52,0,210,999,0,0
3011,52,0,211,1,0,1
3012,52,0,212,999,0,0
3013,52,0,213,0,1,1
3014,52,0,214,999,0,0
3015,52,0,215,0,1,0
3016,52,0,216,999,0,0
3017,52,0,217,1,0,1
3018,52,0,218,999,0,0
3019,52,0,219,0,1,1
3020,52,0,220,999,0,0
3021,52,0,221,1,0,0
3022,52,0,222,999,0,0
3023,52,0,223,0,1,0
3024,52,0,224,999,0,0
3025,52,0,225,1,0,0
3026,52,0,226,999,0,0
3027,52,0,227,0,0,1
3028,52,0,228,999,0,0
3029,52,0,229,0,0,1
3030,52,0,230,999,0,0
3031,52,0,231,0,0,0
3032,52,0,232,999,0,0
3033,52,0,233,0,1,1
3034,52,0,234,999,0,0
3035,52,0,235,0,1,1
3036,52,0,236,999,0,0
3037,52,0,237,1,1,1
3038,52,0,238,999,0,0
3039,52,0,239,1,1,0
3040,52,0,240,999,0,0
3041,52,0,241,0,1,0
3042,52,0,242,999,0,0
3043,52,0,243,0,1,1
3044,52,0,244,999,0,0
3045,52,0,245,0,1,1
3046,52,0,246,999,0,0
3047,52,0,247,0,1,1
3048,52,0,248,999,0,0
3049,52,0,249,0,1,1
3050,52,0,250,999,0,0
3051,52,0,251,0,1,0
3052,52,0,252,999,0,0
3053,52,0,253,0,1,1
3054,52,0,254,999,0,0
3055,52,0,255,0,1,0
3056,52,0,256,999,0,0
3057,52,0,257,1,1,0
3058,52,0,258,999,1,0
3059,52,0,259,1,1,1
3060,52,0,260,999,1,0
3061,52,0,261,0,1,0
3062,52,0,262,999,1,0
3063,52,0,263,1,1,0
3064,52,0,264,999,1,0
3065,52,0,265,0,1,1
3066,52,0,266,999,1,0
3067,52,0,267,1,1,0
3068,52,0,268,999,0,0
3069,52,0,269,0,1,1
3070,52,0,270,999,0,0
3071,52,0,271,1,1,0
3072,52,0,272,999,0,0
3073,52,0,273,0,1,0
3074,52,0,274,999,1,0
3075,52,0,275,1,1,1
3076,52,0,276,999,1,0
3077,52,0,277,1,1,1
3078,52,0,278,999,1,0
3079,52,0,279,0,0,1
3080,52,0,280,999,1,0
3081,52,0,281,0,0,0
3082,52,0,282,999,1,0
3083,52,0,283,1,1,0
3084,52,0,284,999,1,0
3085,52,0,285,1,0,1
3086,52,0,286,999,1,0
3087,52,0,287,1,0,1
3088,52,0,288,999,1,0
3089,52,0,289,0,1,1
3090,52,0,290,999,1,0
3091,52,0,291,0,1,0
3092,52,0,292,999,1,0
3093,52,0,293,0,0,1
3094,52,0,294,999,1,0
3095,52,0,295,1,0,1
3096,52,0,296,999,1,0
3097,52,0,297,1,0,0
3098,52,0,298,999,1,0
3099,52,0,299,1,0,1
3100,52,0,300,999,1,0
3101,52,0,301,0,0,1
3102,52,0,302,999,1,0
3103,52,0,303,1,0,0
3104,52,0,304,999,1,0
3105,52,0,305,1,1,1
3106,52,0,306,999,1,0
3107,52,0,307,1,1,1
3108,52,0,308,999,1,0
3109,52,0,309,1,1,1
3110,52,0,310,999,1,0
3111,52,0,311,1,1,0
3112,52,0,312,999,1,0
3113,52,0,313,1,1,1
3114,52,0,314,999,1,0
3115,52,0,315,1,1,0
3116,52,0,316,999,1,0
3117,52,0,317,0,1,1
3118,52,0,318,999,1,0
3119,52,0,319,1,0,1
3120,52,0,320,999,1,0
3121,52,0,321,1,0,0
3122,52,0,322,999,1,0
3123,52,0,323,0,0,0
3124,52,0,324,999,1,0
3125,52,0,325,1,1,1
3126,52,0,326,999,1,0
3127,52,0,327,1,1,0
3128,52,0,328,999,1,0
3129,52,0,329,1,0,1
3130,52,0,330,999,1,0
3131,52,0,331,0,1,1
3132,52,0,332,999,1,0
3133,52,0,333,1,0,0
3134,52,0,334,999,1,0
3135,52,0,335,1,0,1
3136,52,0,336,999,1,0
3137,52,0,337,1,0,0
3138,52,0,338,999,1,0
3139,52,0,339,1,0,0
3140,52,0,340,999,1,0
3141,52,0,341,0,1,0
3142,52,0,342,999,1,0
3143,52,0,343,0,0,0
3144,52,0,344,999,1,0
3145,52,0,345,0,1,0
3146,52,0,346,999,1,0
3147,52,0,347,1,1,1
3148,52,0,348,999,1,0
3149,52,0,349,0,1,1
3150,52,0,350,999,1,0
3151,52,0,351,0,1,0
3152,52,0,352,999,1,0
3153,52,0,353,1,1,0
3154,52,0,354,999,1,0
3155,52,0,355,1,1,1
3156,52,0,356,999,1,0
3157,52,0,357,1,1,0
3158,52,0,358,999,1,0
3159,52,0,359,0,1,0
3160,52,0,360,999,1,0
3161,52,0,361,0,0,1
3162,52,0,362,999,1,0
3163,52,0,363,1,1,0
3164,52,0,364,999,1,0
3165,52,0,365,1,1,1
3166,52,0,366,999,1,0
3167,52,0,367,1,1,1
3168,52,0,368,999,1,0
3169,52,0,369,0,0,1
3170,52,0,370,999,1,0
3171,52,0,371,1,1,1
3172,52,0,372,999,1,0
3173,52,0,373,0,0,0
3174,52,0,374,999,1,0
3175,52,0,375,0,1,0
3176,52,0,376,999,1,0
3177,52,0,377,0,1,1
3178,52,0,378,999,1,0
3179,52,0,379,1,1,1
3180,52,0,380,999,1,0
3181,52,0,381,1,1,0
3182,52,0,382,999,1,0
3183,52,0,383,1,1,1
3184,52,0,384,999,1,0
3185,52,0,385,0,1,1
3186,52,0,386,999,1,0
3187,52,0,387,1,1,0
3188,52,0,388,999,1,0
3189,52,0,389,0,1,1
3190,52,0,390,999,1,0
3191,52,0,391,1,1,1
3192,52,0,392,999,1,0
3193,52,0,393,1,1,1
3194,52,0,394,999,1,0
3195,52,0,395,1,1,0
3196,52,0,396,999,1,0
3197,52,0,397,1,1,1
3198,52,0,398,999,1,0
3199,52,0,399,1,1,0
3200,58,0,0,999,1,0
3201,58,0,1,0,1,0
3202,58,0,2,999,0,0
3203,58,0,3,0,1,0
3204,58,0,4,999,1,0
3205,58,0,5,0,1,0
3206,58,0,6,999,0,0
3207,58,0,7,0,0,1
3208,58,0,8,999,1,0
3209,58,0,9,0,0,1
3210,58,0,10,999,1,0
3211,58,0,11,1,0,0
3212,58,0,12,999,1,0
3213,58,0,13,1,0,1
3214,58,0,14,999,1,0
3215,58,0,15,1,0,1
3216,58,0,16,999,1,0
3217,58,0,17,0,0,1
3218,58,0,18,999,1,0
3219,58,0,19,1,0,1
3220,58,0,20,999,1,0
3221,58,0,21,1,0,1
3222,58,0,22,999,1,0
3223,58,0,23,1,0,0
3224,58,0,24,999,1,0
3225,58,0,25,1,1,0
3226,58,0,26,999,0,0
3227,58,0,27,1,1,1
3228,58,0,28,999,0,0
3229,58,0,29,1,1,0
3230,58,0,30,999,0,0
3231,58,0,31,0,1,0
3232,58,0,32,999,1,0
3233,58,0,33,1,1,0
3234,58,0,34,999,0,0
3235,58,0,35,1,0,0
3236,58,0,36,999,1,0
3237,58,0,37,1,0,0
3238,58,0,38,999,0,0
3239,58,0,39,0,1,0
3240,58,0,40,999,0,0
3241,58,0,41,0,0,1
3242,58,0,42,999,0,0
3243,58,0,43,0,0,0
3244,58,0,44,999,1,0
3245,58,0,45,0,0,0
3246,58,0,46,999,0,0
3247,58,0,47,0,0,1
3248,58,0,48,999,0,0
3249,58,0,49,1,1,0
3250,58,0,50,999,0,0
3251,58,0,51,0,0,1
3252,58,0,52,999,0,0
3253,58,0,53,1,1,0
3254,58,0,54,999,0,0
3255,58,0,55,1,0,0
3256,58,0,56,999,0,0
3257,58,0,57,0,0,1
3258,58,0,58,999,0,0
3259,58,0,59,0,0,1
3260,58,0,60,999,0,0
3261,58,0,61,0,0,0
3262,58,0,62,999,0,0
3263,58,0,63,0,0,0
3264,58,0,64,999,0,0
3265,58,0,65,0,0,1
3266,58,0,66,999,0,0
3267,58,0,67,1,0,0
3268,58,0,68,999,0,0
3269,58,0,69,0,0,0
3270,58,0,70,999,0,0
3271,58,0,71,0,0,1
3272,58,0,72,999,0,0
3273,58,0,73,0,0,1
3274,58,0,74,999,0,0
3275,58,0,75,0,0,1
3276,58,0,76,999,0,0
3277,58,0,77,0,0,1
3278,58,0,78,999,0,0
3279,58,0,79,0,0,1
3280,58,0,80,999,0,0
3281,58,0,81,1,0,1
3282,58,0,82,999,0,0
3283,58,0,83,0,0,0
3284,58,0,84,999,0,0
3285,58,0,85,0,0,1
3286,58,0,86,999,0,0
3287,58,0,87,0,0,1
3288,58,0,88,999,0,0
3289,58,0,89,0,0,1
3290,58,0,90,999,0,0
3291,58,0,91,0,0,1
3292,58,0,92,999,0,0
3293,58,0,93,0,0,1
3294,58,0,94,999,0,0
3295,58,0,95,0,0,1
3296,58,0,96,999,0,0
3297,58,0,97,1,1,1
3298,58,0,98,999,0,0
3299,58,0,99,0,0,1
3300,58,0,100,999,0,0
3301,58,0,101,0,0,1
3302,58,0,102,999,0,0
3303,58,0,103,0,0,0
3304,58,0,104,999,0,0
3305,58,0,105,0,0,1
3306,58,0,106,999,0,0
3307,58,0,107,0,0,0
3308,58,0,108,999,0,0
3309,58,0,109,0,0,0
3310,58,0,110,999,0,0
3311,58,0,111,0,0,1
3312,58,0,112,999,0,0
3313,58,0,113,0,0,1
3314,58,0,114,999,0,0
3315,58,0,115,0,0,1
3316,58,0,116,999,0,0
3317,58,0,117,0,0,1
3318,58,0,118,999,0,0
3319,58,0,119,0,0,1
3320,58,0,120,999,0,0
3321,58,0,121,1,0,0
3322,58,0,122,999,0,0
3323,58,0,123,0,0,1
3324,58,0,124,999,0,0
3325,58,0,125,0,0,1
3326,58,0,126,999,0,0
3327,58,0,127,1,1,1
3328,58,0,128,999,0,0
3329,58,0,129,1,1,0
3330,58,0,130,999,0,0
3331,58,0,131,1,1,1
3332,58,0,132,999,0,0
3333,58,0,133,0,0,1
3334,58,0,134,999,0,0
3335,58,0,135,1,1,0
3336,58,0,136,999,0,0
3337,58,0,137,0,0,1
3338,58,0,138,999,0,0
3339,58,0,139,0,0,1
3340,58,0,140,999,0,0
3341,58,0,141,0,0,1
3342,58,0,142,999,0,0
3343,58,0,143,1,1,1
3344,58,0,144,999,0,0
3345,58,0,145,1,1,1
3346,58,0,146,999,0,0
3347,58,0,147,0,0,1
3348,58,0,148,999,0,0
3349,58,0,149,1,1,1
3350,58,0,150,999,0,0
3351,58,0,151,0,0,1
3352,58,0,152,999,0,0
3353,58,0,153,0,0,1
3354,58,0,154,999,0,0
3355,58,0,155,1,1,1
3356,58,0,156,999,0,0
3357,58,0,157,1,1,0
3358,58,0,158,999,0,0
3359,58,0,159,0,0,0
3360,58,0,160,999,0,0
3361,58,0,161,0,0,0
3362,58,0,162,999,0,0
3363,58,0,163,1,1,1
3364,58,0,164,999,0,0
3365,58,0,165,1,1,1
3366,58,0,166,999,0,0
3367,58,0,167,1,1,1
3368,58,0,168,999,0,0
3369,58,0,169,1,1,0
3370,58,0,170,999,0,0
3371,58,0,171,0,0,1
3372,58,0,172,999,0,0
3373,58,0,173,0,0,0
3374,58,0,174,999,0,0
3375,58,0,175,0,0,1
3376,58,0,176,999,0,0
3377,58,0,177,0,0,1
3378,58,0,178,999,0,0
3379,58,0,179,0,0,1
3380,58,0,180,999,0,0
3381,58,0,181,0,0,0
3382,58,0,182,999,0,0
3383,58,0,183,0,0,1
3384,58,0,184,999,0,0
3385,58,0,185,0,0,1
3386,58,0,186,999,0,0
3387,58,0,187,0,0,0
3388,58,0,188,999,0,0
3389,58,0,189,1,1,1
3390,58,0,190,999,0,0
3391,58,0,191,1,1,0
3392,58,0,192,999,0,0
3393,58,0,193,1,1,1
3394,58,0,194,999,0,0
3395,58,0,195,0,0,1
3396,58,0,196,999,0,0
3397,58,0,197,0,0,1
3398,58,0,198,999,0,0
3399,58,0,199,0,0,0
3400,58,0,200,999,0,0
3401,58,0,201,0,0,1
3402,58,0,202,999,0,0
3403,58,0,203,1,1,1
3404,58,0,204,999,0,0
3405,58,0,205,0,0,1
3406,58,0,206,999,0,0
3407,58,0,207,0,0,1
3408,58,0,208,999,0,0
3409,58,0,209,1,1,1
3410,58,0,210,999,0,0
3411,58,0,211,1,1,1
3412,58,0,212,999,0,0
3413,58,0,213,1,1,0
3414,58,0,214,999,0,0
3415,58,0,215,0,0,1
3416,58,0,216,999,0,0
3417,58,0,217,0,0,1
3418,58,0,218,999,0,0
3419,58,0,219,1,1,0
3420,58,0,220,999,0,0
3421,58,0,221,1,1,0
3422,58,0,222,999,0,0
3423,58,0,223,0,0,1
3424,58,0,224,999,0,0
3425,58,0,225,0,0,0
3426,58,0,226,999,0,0
3427,58,0,227,0,0,0
3428,58,0,228,999,0,0
3429,58,0,229,1,1,0
3430,58,0,230,999,0,0
3431,58,0,231,0,0,1
3432,58,0,232,999,0,0
3433,58,0,233,0,0,0
3434,58,0,234,999,0,0
3435,58,0,235,0,0,1
3436,58,0,236,999,0,0
3437,58,0,237,0,0,1
3438,58,0,238,999,0,0
3439,58,0,239,0,0,1
3440,58,0,240,999,0,0
3441,58,0,241,1,1,1
3442,58,0,242,999,0,0
3443,58,0,243,0,0,0
3444,58,0,244,999,0,0
3445,58,0,245,0,0,1
3446,58,0,246,999,0,0
3447,58,0,247,1,1,1
3448,58,0,248,999,0,0
3449,58,0,249,0,0,1
3450,58,0,250,999,0,0
3451,58,0,251,0,0,0
3452,58,0,252,999,0,0
3453,58,0,253,0,0,1
3454,58,0,254,999,0,0
3455,58,0,255,1,1,1
3456,58,0,256,999,0,0
3457,58,0,257,0,0,1
3458,58,0,258,999,0,0
3459,58,0,259,1,1,0
3460,58,0,260,999,0,0
3461,58,0,261,0,0,1
3462,58,0,262,999,0,0
3463,58,0,263,1,1,0
3464,58,0,264,999,0,0
3465,58,0,265,0,0,0
3466,58,0,266,999,0,0
3467,58,0,267,0,0,1
3468,58,0,268,999,0,0
3469,58,0,269,0,0,0
3470,58,0,270,999,0,0
3471,58,0,271,1,1,1
3472,58,0,272,999,0,0
3473,58,0,273,0,0,0
3474,58,0,274,999,0,0
3475,58,0,275,1,1,1
3476,58,0,276,999,0,0
3477,58,0,277,0,0,1
3478,58,0,278,999,0,0
3479,58,0,279,0,0,1
3480,58,0,280,999,0,0
3481,58,0,281,0,0,0
3482,58,0,282,999,0,0
3483,58,0,283,1,1,1
3484,58,0,284,999,0,0
3485,58,0,285,1,1,1
3486,58,0,286,999,0,0
3487,58,0,287,1,1,0
3488,58,0,288,999,0,0
3489,58,0,289,0,0,0
3490,58,0,290,999,0,0
3491,58,0,291,0,0,1
3492,58,0,292,999,0,0
3493,58,0,293,1,1,1
3494,58,0,294,999,0,0
3495,58,0,295,0,0,0
3496,58,0,296,999,0,0
3497,58,0,297,0,0,1
3498,58,0,298,999,0,0
3499,58,0,299,0,0,0
3500,58,0,300,999,0,0
3501,58,0,301,1,1,0
3502,58,0,302,999,0,0
3503,58,0,303,1,1,0
3504,58,0,304,999,0,0
3505,58,0,305,1,1,1
3506,58,0,306,999,0,0
3507,58,0,307,1,1,1
3508,58,0,308,999,0,0
3509,58,0,309,0,0,0
3510,58,0,310,999,0,0
3511,58,0,311,0,0,0
3512,58,0,312,999,0,0
3513,58,0,313,1,1,0
3514,58,0,314,999,0,0
3515,58,0,315,0,0,1
3516,58,0,316,999,0,0
3517,58,0,317,0,0,0
3518,58,0,318,999,0,0
3519,58,0,319,0,0,0
3520,58,0,320,999,0,0
3521,58,0,321,1,1,0
3522,58,0,322,999,0,0
3523,58,0,323,1,1,1
3524,58,0,324,999,0,0
3525,58,0,325,1,1,0
3526,58,0,326,999,0,0
3527,58,0,327,0,0,0
3528,58,0,328,999,0,0
3529,58,0,329,1,1,1
3530,58,0,330,999,0,0
3531,58,0,331,0,0,1
3532,58,0,332,999,0,0
3533,58,0,333,1,1,1
3534,58,0,334,999,0,0
3535,58,0,335,0,0,0
3536,58,0,336,999,0,0
3537,58,0,337,0,0,0
3538,58,0,338,999,0,0
3539,58,0,339,0,0,0
3540,58,0,340,999,0,0
3541,58,0,341,1,1,0
3542,58,0,342,999,0,0
3543,58,0,343,0,0,0
3544,58,0,344,999,0,0
3545,58,0,345,0,0,1
3546,58,0,346,999,0,0
3547,58,0,347,1,1,1
3548,58,0,348,999,0,0
3549,58,0,349,1,1,0
3550,58,0,350,999,0,0
3551,58,0,351,0,0,0
3552,58,0,352,999,0,0
3553,58,0,353,0,0,1
3554,58,0,354,999,0,0
3555,58,0,355,1,1,1
3556,58,0,356,999,0,0
3557,58,0,357,0,0,0
3558,58,0,358,999,0,0
3559,58,0,359,0,0,1
3560,58,0,360,999,0,0
3561,58,0,361,0,0,0
3562,58,0,362,999,0,0
3563,58,0,363,0,0,0
3564,58,0,364,999,0,0
3565,58,0,365,0,0,0
3566,58,0,366,999,0,0
3567,58,0,367,0,0,0
3568,58,0,368,999,0,0
3569,58,0,369,1,1,0
3570,58,0,370,999,0,0
3571,58,0,371,0,0,0
3572,58,0,372,999,0,0
3573,58,0,373,1,1,0
3574,58,0,374,999,0,0
3575,58,0,375,0,0,0
3576,58,0,376,999,0,0
3577,58,0,377,1,1,1
3578,58,0,378,999,0,0
3579,58,0,379,1,1,0
3580,58,0,380,999,0,0
3581,58,0,381,0,0,0
3582,58,0,382,999,0,0
3583,58,0,383,1,1,1
3584,58,0,384,999,0,0
3585,58,0,385,0,0,1
3586,58,0,386,999,0,0
3587,58,0,387,0,0,1
3588,58,0,388,999,0,0
3589,58,0,389,1,1,0
3590,58,0,390,999,0,0
3591,58,0,391,0,0,1
3592,58,0,392,999,0,0
3593,58,0,393,0,0,0
3594,58,0,394,999,0,0
3595,58,0,395,0,0,1
3596,58,0,396,999,0,0
3597,58,0,397,1,1,1
3598,58,0,398,999,0,0
3599,58,0,399,0,0,1
3600,65,0,0,999,1,0
3601,65,0,1,1,0,1
3602,65,0,2,999,1,0
3603,65,0,3,0,0,0
3604,65,0,4,999,0,0
3605,65,0,5,0,1,1
3606,65,0,6,999,0,0
3607,65,0,7,0,1,1
3608,65,0,8,999,0,0
3609,65,0,9,1,0,1
3610,65,0,10,999,0,0
3611,65,0,11,0,1,1
3612,65,0,12,999,0,0
3613,65,0,13,0,1,1
3614,65,0,14,999,0,0
3615,65,0,15,0,1,0
3616,65,0,16,999,1,0
3617,65,0,17,1,0,1
3618,65,0,18,999,1,0
3619,65,0,19,1,0,0
3620,65,0,20,999,1,0
3621,65,0,21,1,0,1
3622,65,0,22,999,1,0
3623,65,0,23,1,0,0
3624,65,0,24,999,0,0
3625,65,0,25,1,0,0
3626,65,0,26,999,0,0
3627,65,0,27,0,1,1
3628,65,0,28,999,0,0
3629,65,0,29,0,1,0
3630,65,0,30,999,0,0
3631,65,0,31,0,1,1
3632,65,0,32,999,0,0
3633,65,0,33,0,1,1
3634,65,0,34,999,0,0
3635,65,0,35,0,1,0
3636,65,0,36,999,0,0
3637,65,0,37,0,1,1
3638,65,0,38,999,0,0
3639,65,0,39,1,0,0
3640,65,0,40,999,1,0
3641,65,0,41,0,1,0
3642,65,0,42,999,0,0
3643,65,0,43,0,1,0
3644,65,0,44,999,0,0
3645,65,0,45,0,1,0
3646,65,0,46,999,0,0
3647,65,0,47,0,0,1
3648,65,0,48,999,0,0
3649,65,0,49,0,0,0
3650,65,0,50,999,0,0
3651,65,0,51,0,1,0
3652,65,0,52,999,1,0
3653,65,0,53,1,0,1
3654,65,0,54,999,1,0
3655,65,0,55,1,0,1
3656,65,0,56,999,1,0
3657,65,0,57,1,0,1
3658,65,0,58,999,1,0
3659,65,0,59,1,0,1
3660,65,0,60,999,1,0
3661,65,0,61,1,0,1
3662,65,0,62,999,1,0
3663,65,0,63,1,0,0
3664,65,0,64,999,1,0
3665,65,0,65,1,0,0
3666,65,0,66,999,1,0
3667,65,0,67,1,1,0
3668,65,0,68,999,0,0
3669,65,0,69,0,0,1
3670,65,0,70,999,0,0
3671,65,0,71,0,0,1
3672,65,0,72,999,0,0
3673,65,0,73,0,0,1
3674,65,0,74,999,0,0
3675,65,0,75,0,0,0
3676,65,0,76,999,0,0
3677,65,0,77,1,0,1
3678,65,0,78,999,1,0
3679,65,0,79,1,0,1
3680,65,0,80,999,1,0
3681,65,0,81,1,0,0
3682,65,0,82,999,1,0
3683,65,0,83,1,0,0
3684,65,0,84,999,0,0
3685,65,0,85,0,0,0
3686,65,0,86,999,0,0
3687,65,0,87,0,0,0
3688,65,0,88,999,0,0
3689,65,0,89,0,1,1
3690,65,0,90,999,0,0
3691,65,0,91,1,1,1
3692,65,0,92,999,0,0
3693,65,0,93,0,1,0
3694,65,0,94,999,0,0
3695,65,0,95,0,0,1
3696,65,0,96,999,0,0
3697,65,0,97,0,0,0
3698,65,0,98,999,0,0
3699,65,0,99,0,0,1
3700,65,0,100,999,0,0
3701,65,0,101,0,0,1
3702,65,0,102,999,0,0
3703,65,0,103,0,0,0
3704,65,0,104,999,0,0
3705,65,0,105,0,0,1
3706,65,0,106,999,0,0
3707,65,0,107,0,0,1
3708,65,0,108,999,0,0
3709,65,0,109,0,0,1
3710,65,0,110,999,0,0
3711,65,0,111,1,0,0
3712,65,0,112,999,0,0
3713,65,0,113,1,1,0
3714,65,0,114,999,0,0
3715,65,0,115,0,1,0
3716,65,0,116,999,0,0
3717,65,0,117,0,0,1
3718,65,0,118,999,0,0
3719,65,0,119,0,0,1
3720,65,0,120,999,0,0
3721,65,0,121,0,0,1
3722,65,0,122,999,0,0
3723,65,0,123,1,0,1
3724,65,0,124,999,0,0
3725,65,0,125,1,0,1
3726,65,0,126,999,0,0
3727,65,0,127,1,0,0
3728,65,0,128,999,0,0
3729,65,0,129,0,0,1
3730,65,0,130,999,0,0
3731,65,0,131,0,0,1
3732,65,0,132,999,0,0
3733,65,0,133,1,0,0
3734,65,0,134,999,0,0
3735,65,0,135,0,0,0
3736,65,0,136,999,0,0
3737,65,0,137,1,1,0
3738,65,0,138,999,1,0
3739,65,0,139,1,0,1
3740,65,0,140,999,1,0
3741,65,0,141,0,1,0
3742,65,0,142,999,1,0
3743,65,0,143,1,0,0
3744,65,0,144,999,1,0
3745,65,0,145,1,0,0
3746,65,0,146,999,0,0
3747,65,0,147,0,0,0
3748,65,0,148,999,0,0
3749,65,0,149,0,1,1
3750,65,0,150,999,0,0
3751,65,0,151,0,1,1
3752,65,0,152,999,0,0
3753,65,0,153,0,1,1
3754,65,0,154,999,0,0
3755,65,0,155,1,0,1
3756,65,0,156,999,0,0
3757,65,0,157,0,1,1
3758,65,0,158,999,0,0
3759,65,0,159,0,1,1
3760,65,0,160,999,0,0
3761,65,0,161,1,0,1
3762,65,0,162,999,0,0
3763,65,0,163,0,1,0
3764,65,0,164,999,0,0
3765,65,0,165,1,0,1
3766,65,0,166,999,0,0
3767,65,0,167,0,1,0
3768,65,0,168,999,0,0
3769,65,0,169,1,0,0
3770,65,0,170,999,1,0
3771,65,0,171,1,1,0
3772,65,0,172,999,0,0
3773,65,0,173,1,0,1
3774,65,0,174,999,0,0
3775,65,0,175,0,1,1
3776,65,0,176,999,0,0
3777,65,0,177,0,1,0
3778,65,0,178,999,0,0
3779,65,0,179,0,1,1
3780,65,0,180,999,0,0
3781,65,0,181,0,1,1
3782,65,0,182,999,0,0
3783,65,0,183,1,1,0
3784,65,0,184,999,0,0
3785,65,0,185,0,1,1
3786,65,0,186,999,0,0
3787,65,0,187,0,1,1
3788,65,0,188,999,0,0
3789,65,0,189,1,1,0
3790,65,0,190,999,0,0
3791,65,0,191,0,1,1
3792,65,0,192,999,0,0
3793,65,0,193,0,1,0
3794,65,0,194,999,0,0
3795,65,0,195,0,1,0
3796,65,0,196,999,0,0
3797,65,0,197,0,1,1
3798,65,0,198,999,0,0
3799,65,0,199,0,1,0
3800,65,0,200,999,0,0
3801,65,0,201,0,1,0
3802,65,0,202,999,0,0
3803,65,0,203,1,0,1
3804,65,0,204,999,0,0
3805,65,0,205,0,1,1
3806,65,0,206,999,0,0
3807,65,0,207,1,0,1
3808,65,0,208,999,0,0
3809,65,0,209,0,1,1
3810,65,0,210,999,0,0
3811,65,0,211,1,0,1
3812,65,0,212,999,0,0
3813,65,0,213,0,1,0
3814,65,0,214,999,0,0
3815,65,0,215,0,1,1
3816,65,0,216,999,0,0
3817,65,0,217,0,1,0
3818,65,0,218,999,0,0
3819,65,0,219,0,1,0
3820,65,0,220,999,0,0
3821,65,0,221,0,1,0
3822,65,0,222,999,0,0
3823,65,0,223,0,0,1
3824,65,0,224,999,0,0
3825,65,0,225,0,0,1
3826,65,0,226,999,0,0
3827,65,0,227,1,0,1
3828,65,0,228,999,0,0
3829,65,0,229,0,0,0
3830,65,0,230,999,0,0
3831,65,0,231,0,0,1
3832,65,0,232,999,0,0
3833,65,0,233,0,0,1
3834,65,0,234,999,0,0
3835,65,0,235,1,0,1
3836,65,0,236,999,0,0
3837,65,0,237,1,0,1
3838,65,0,238,999,0,0
3839,65,0,239,0,0,1
3840,65,0,240,999,0,0
3841,65,0,241,0,0,0
3842,65,0,242,999,0,0
3843,65,0,243,0,0,0
3844,65,0,244,999,0,0
3845,65,0,245,1,0,1
3846,65,0,246,999,0,0
3847,65,0,247,1,0,1
3848,65,0,248,999,0,0
3849,65,0,249,0,0,1
3850,65,0,250,999,0,0
3851,65,0,251,1,0,0
3852,65,0,252,999,0,0
3853,65,0,253,0,0,1
3854,65,0,254,999,0,0
3855,65,0,255,1,0,0
3856,65,0,256,999,0,0
3857,65,0,257,0,0,1
3858,65,0,258,999,0,0
3859,65,0,259,0,0,0
3860,65,0,260,999,0,0
3861,65,0,261,0,0,1
3862,65,0,262,999,0,0
3863,65,0,263,0,0,1
3864,65,0,264,999,0,0
3865,65,0,265,0,0,1
3866,65,0,266,999,0,0
3867,65,0,267,0,0,0
3868,65,0,268,999,0,0
3869,65,0,269,0,0,0
3870,65,0,270,999,0,0
3871,65,0,271,0,1,1
3872,65,0,272,999,0,0
3873,65,0,273,1,1,1
3874,65,0,274,999,0,0
3875,65,0,275,0,1,0
3876,65,0,276,999,0,0
3877,65,0,277,0,1,0
3878,65,0,278,999,0,0
3879,65,0,279,0,1,0
3880,65,0,280,999,0,0
3881,65,0,281,1,1,1
3882,65,0,282,999,0,0
3883,65,0,283,0,0,0
3884,65,0,284,999,0,0
3885,65,0,285,0,1,1
3886,65,0,286,999,0,0
3887,65,0,287,0,1,0
3888,65,0,288,999,0,0
3889,65,0,289,0,1,0
3890,65,0,290,999,0,0
3891,65,0,291,1,0,1
3892,65,0,292,999,0,0
3893,65,0,293,0,0,1
3894,65,0,294,999,0,0
3895,65,0,295,0,0,0
3896,65,0,296,999,0,0
3897,65,0,297,1,1,1
3898,65,0,298,999,0,0
3899,65,0,299,0,0,0
3900,65,0,300,999,0,0
3901,65,0,301,0,0,1
3902,65,0,302,999,0,0
3903,65,0,303,0,0,1
3904,65,0,304,999,0,0
3905,65,0,305,1,1,1
3906,65,0,306,999,0,0
3907,65,0,307,0,0,1
3908,65,0,308,999,0,0
3909,65,0,309,1,1,1
3910,65,0,310,999,0,0
3911,65,0,311,1,1,0
3912,65,0,312,999,0,0
3913,65,0,313,1,0,1
3914,65,0,314,999,0,0
3915,65,0,315,0,0,0
3916,65,0,316,999,0,0
3917,65,0,317,1,0,0
3918,65,0,318,999,0,0
3919,65,0,319,1,1,1
3920,65,0,320,999,0,0
3921,65,0,321,0,0,1
3922,65,0,322,999,0,0
3923,65,0,323,0,0,0
3924,65,0,324,999,0,0
3925,65,0,325,1,1,1
3926,65,0,326,999,0,0
3927,65,0,327,1,1,1
3928,65,0,328,999,0,0
3929,65,0,329,0,0,0
3930,65,0,330,999,0,0
3931,65,0,331,0,0,0
3932,65,0,332,999,0,0
3933,65,0,333,0,1,0
3934,65,0,334,999,0,0
3935,65,0,335,0,1,1
3936,65,0,336,999,0,0
3937,65,0,337,0,1,0
3938,65,0,338,999,0,0
3939,65,0,339,0,1,1
3940,65,0,340,999,0,0
3941,65,0,341,1,1,1
3942,65,0,342,999,0,0
3943,65,0,343,0,1,0
3944,65,0,344,999,0,0
3945,65,0,345,1,1,1
3946,65,0,346,999,0,0
3947,65,0,347,0,0,0
3948,65,0,348,999,0,0
3949,65,0,349,0,1,0
3950,65,0,350,999,0,0
3951,65,0,351,0,1,0
3952,65,0,352,999,0,0
3953,65,0,353,0,1,0
3954,65,0,354,999,0,0
3955,65,0,355,1,0,1
3956,65,0,356,999,0,0
3957,65,0,357,1,0,1
3958,65,0,358,999,0,0
3959,65,0,359,0,1,1
3960,65,0,360,999,0,0
3961,65,0,361,1,0,0
3962,65,0,362,999,0,0
3963,65,0,363,0,1,0
3964,65,0,364,999,0,0
3965,65,0,365,0,0,0
3966,65,0,366,999,0,0
3967,65,0,367,0,1,1
3968,65,0,368,999,0,0
3969,65,0,369,0,1,0
3970,65,0,370,999,0,0
3971,65,0,371,0,1,0
3972,65,0,372,999,0,0
3973,65,0,373,1,0,0
3974,65,0,374,999,0,0
3975,65,0,375,0,1,1
3976,65,0,376,999,0,0
3977,65,0,377,1,0,0
3978,65,0,378,999,0,0
3979,65,0,379,1,0,1
3980,65,0,380,999,0,0
3981,65,0,381,0,1,1
3982,65,0,382,999,0,0
3983,65,0,383,0,1,0
3984,65,0,384,999,0,0
3985,65,0,385,0,1,0
3986,65,0,386,999,0,0
3987,65,0,387,1,0,1
3988,65,0,388,999,0,0
3989,65,0,389,0,1,0
3990,65,0,390,999,0,0
3991,65,0,391,0,1,0
3992,65,0,392,999,0,0
3993,65,0,393,1,0,0
3994,65,0,394,999,0,0
3995,65,0,395,0,1,0
3996,65,0,396,999,0,0
3997,65,0,397,1,0,1
3998,65,0,398,999,0,0
3999,65,0,399,0,1,0
4000,81,0,0,999,1,0
4001,81,0,1,0,0,0
4002,81,0,2,999,0,0
4003,81,0,3,0,1,1
4004,81,0,4,999,0,0
4005,81,0,5,1,1,1
4006,81,0,6,999,0,0
4007,81,0,7,0,0,0
4008,81,0,8,999,0,0
4009,81,0,9,0,1,1
4010,81,0,10,999,0,0
4011,81,0,11,0,1,1
4012,81,0,12,999,0,0
4013,81,0,13,0,1,1
4014,81,0,14,999,0,0
4015,81,0,15,0,1,1
4016,81,0,16,999,0,0
4017,81,0,17,0,1,0
4018,81,0,18,999,0,0
4019,81,0,19,1,1,1
4020,81,0,20,999,0,0
4021,81,0,21,1,1,1
4022,81,0,22,999,0,0
4023,81,0,23,1,1,1
4024,81,0,24,999,0,0
4025,81,0,25,0,0,0
4026,81,0,26,999,0,0
4027,81,0,27,1,1,0
4028,81,0,28,999,0,0
4029,81,0,29,0,1,1
4030,81,0,30,999,0,0
4031,81,0,31,0,1,1
4032,81,0,32,999,0,0
4033,81,0,33,1,1,1
4034,81,0,34,999,0,0
4035,81,0,35,0,1,1
4036,81,0,36,999,0,0
4037,81,0,37,0,1,0
4038,81,0,38,999,0,0
4039,81,0,39,0,0,1
4040,81,0,40,999,0,0
4041,81,0,41,0,0,0
4042,81,0,42,999,0,0
4043,81,0,43,1,1,1
4044,81,0,44,999,0,0
4045,81,0,45,0,1,1
4046,81,0,46,999,0,0
4047,81,0,47,0,1,1
4048,81,0,48,999,0,0
4049,81,0,49,0,1,1
4050,81,0,50,999,0,0
4051,81,0,51,0,1,1
4052,81,0,52,999,0,0
4053,81,0,53,0,1,0
4054,81,0,54,999,0,0
4055,81,0,55,0,0,1
4056,81,0,56,999,0,0
4057,81,0,57,0,0,1
4058,81,0,58,999,0,0
4059,81,0,59,0,0,1
4060,81,0,60,999,0,0
4061,81,0,61,1,0,1
4062,81,0,62,999,0,0
4063,81,0,63,0,0,0
4064,81,0,64,999,0,0
4065,81,0,65,1,0,0
4066,81,0,66,999,0,0
4067,81,0,67,0,1,1
4068,81,0,68,999,0,0
4069,81,0,69,1,0,1
4070,81,0,70,999,0,0
4071,81,0,71,0,1,1
4072,81,0,72,999,0,0
4073,81,0,73,0,1,0
4074,81,0,74,999,0,0
4075,81,0,75,1,0,1
4076,81,0,76,999,0,0
4077,81,0,77,0,1,1
4078,81,0,78,999,0,0
4079,81,0,79,1,0,0
4080,81,0,80,999,0,0
4081,81,0,81,0,1,0
4082,81,0,82,999,0,0
4083,81,0,83,0,1,1
4084,81,0,84,999,0,0
4085,81,0,85,0,1,1
4086,81,0,86,999,0,0
4087,81,0,87,0,1,0
4088,81,0,88,999,0,0
4089,81,0,89,1,1,1
4090,81,0,90,999,0,0
4091,81,0,91,0,1,0
4092,81,0,92,999,0,0
4093,81,0,93,1,1,0
4094,81,0,94,999,0,0
4095,81,0,95,0,0,0
4096,81,0,96,999,0,0
4097,81,0,97,0,1,0
4098,81,0,98,999,0,0
4099,81,0,99,0,0,1
4100,81,0,100,999,0,0
4101,81,0,101,1,1,0
4102,81,0,102,999,0,0
4103,81,0,103,0,0,0
4104,81,0,104,999,0,0
4105,81,0,105,1,0,0
4106,81,0,106,999,0,0
4107,81,0,107,0,1,1
4108,81,0,108,999,0,0
4109,81,0,109,0,1,0
4110,81,0,110,999,0,0
4111,81,0,111,1,1,0
4112,81,0,112,999,0,0
4113,81,0,113,0,0,0
4114,81,0,114,999,0,0
4115,81,0,115,1,1,1
4116,81,0,116,999,0,0
4117,81,0,117,0,1,0
4118,81,0,118,999,0,0
4119,81,0,119,1,0,0
4120,81,0,120,999,0,0
4121,81,0,121,0,0,0
4122,81,0,122,999,0,0
4123,81,0,123,1,1,1
4124,81,0,124,999,0,0
4125,81,0,125,0,1,1
4126,81,0,126,999,0,0
4127,81,0,127,0,1,1
4128,81,0,128,999,0,0
4129,81,0,129,0,1,0
4130,81,0,130,999,0,0
4131,81,0,131,1,1,0
4132,81,0,132,999,0,0
4133,81,0,133,0,1,0
4134,81,0,134,999,0,0
4135,81,0,135,1,0,0
4136,81,0,136,999,0,0
4137,81,0,137,1,0,1
4138,81,0,138,999,0,0
4139,81,0,139,0,0,1
4140,81,0,140,999,0,0
4141,81,0,141,0,1,1
4142,81,0,142,999,0,0
4143,81,0,143,0,1,1
4144,81,0,144,999,0,0
4145,81,0,145,0,1,0
4146,81,0,146,999,0,0
4147,81,0,147,1,0,1
4148,81,0,148,999,0,0
4149,81,0,149,0,0,0
4150,81,0,150,999,0,0
4151,81,0,151,0,1,0
4152,81,0,152,999,0,0
4153,81,0,153,1,1,0
4154,81,0,154,999,0,0
4155,81,0,155,0,0,1
4156,81,0,156,999,0,0
4157,81,0,157,0,0,0
4158,81,0,158,999,0,0
4159,81,0,159,0,1,0
4160,81,0,160,999,0,0
4161,81,0,161,0,0,1
4162,81,0,162,999,0,0
4163,81,0,163,0,1,1
4164,81,0,164,999,0,0
4165,81,0,165,0,0,0
4166,81,0,166,999,0,0
4167,81,0,167,1,1,0
4168,81,0,168,999,0,0
4169,81,0,169,0,0,1
4170,81,0,170,999,0,0
4171,81,0,171,0,0,0
4172,81,0,172,999,0,0
4173,81,0,173,0,0,0
4174,81,0,174,999,0,0
4175,81,0,175,0,1,1
4176,81,0,176,999,0,0
4177,81,0,177,0,1,1
4178,81,0,178,999,0,0
4179,81,0,179,1,1,0
4180,81,0,180,999,0,0
4181,81,0,181,0,1,0
4182,81,0,182,999,0,0
4183,81,0,183,1,1,1
4184,81,0,184,999,0,0
4185,81,0,185,1,0,1
4186,81,0,186,999,0,0
4187,81,0,187,0,1,1
4188,81,0,188,999,0,0
4189,81,0,189,1,1,0
4190,81,0,190,999,0,0
4191,81,0,191,0,0,1
4192,81,0,192,999,0,0
4193,81,0,193,1,0,1
4194,81,0,194,999,0,0
4195,81,0,195,0,0,0
4196,81,0,196,999,0,0
4197,81,0,197,0,0,1
4198,81,0,198,999,0,0
4199,81,0,199,0,0,0
4200,81,0,200,999,0,0
4201,81,0,201,0,1,1
4202,81,0,202,999,0,0
4203,81,0,203,0,0,1
4204,81,0,204,999,0,0
4205,81,0,205,0,0,0
4206,81,0,206,999,0,0
4207,81,0,207,0,0,0
4208,81,0,208,999,0,0
4209,81,0,209,1,0,1
4210,81,0,210,999,0,0
4211,81,0,211,0,1,0
4212,81,0,212,999,0,0
4213,81,0,213,0,0,1
4214,81,0,214,999,0,0
4215,81,0,215,0,0,0
4216,81,0,216,999,0,0
4217,81,0,217,0,1,0
4218,81,0,218,999,0,0
4219,81,0,219,0,1,0
4220,81,0,220,999,0,0
4221,81,0,221,0,0,0
4222,81,0,222,999,0,0
4223,81,0,223,0,1,1
4224,81,0,224,999,0,0
4225,81,0,225,0,1,0
4226,81,0,226,999,0,0
4227,81,0,227,1,1,1
4228,81,0,228,999,0,0
4229,81,0,229,0,1,1
4230,81,0,230,999,0,0
4231,81,0,231,0,1,0
4232,81,0,232,999,0,0
4233,81,0,233,1,1,1
4234,81,0,234,999,0,0
4235,81,0,235,0,0,0
4236,81,0,236,999,0,0
4237,81,0,237,0,1,0
4238,81,0,238,999,0,0
4239,81,0,239,0,1,0
4240,81,0,240,999,0,0
4241,81,0,241,0,0,0
4242,81,0,242,999,0,0
4243,81,0,243,1,0,1
4244,81,0,244,999,0,0
4245,81,0,245,0,0,0
4246,81,0,246,999,0,0
4247,81,0,247,0,1,0
4248,81,0,248,999,0,0
4249,81,0,249,1,1,0
4250,81,0,250,999,0,0
4251,81,0,251,0,0,0
4252,81,0,252,999,0,0
4253,81,0,253,0,0,0
4254,81,0,254,999,0,0
4255,81,0,255,1,1,0
4256,81,0,256,999,0,0
4257,81,0,257,0,1,1
4258,81,0,258,999,0,0
4259,81,0,259,0,1,0
4260,81,0,260,999,0,0
4261,81,0,261,0,1,0
4262,81,0,262,999,0,0
4263,81,0,263,1,1,0
4264,81,0,264,999,0,0
4265,81,0,265,0,1,0
4266,81,0,266,999,0,0
4267,81,0,267,0,1,1
4268,81,0,268,999,0,0
4269,81,0,269,0,1,0
4270,81,0,270,999,0,0
4271,81,0,271,1,0,1
4272,81,0,272,999,0,0
4273,81,0,273,0,0,0
4274,81,0,274,999,0,0
4275,81,0,275,0,1,0
4276,81,0,276,999,0,0
4277,81,0,277,0,1,0
4278,81,0,278,999,0,0
4279,81,0,279,0,1,0
4280,81,0,280,999,0,0
4281,81,0,281,0,1,0
4282,81,0,282,999,0,0
4283,81,0,283,0,1,0
4284,81,0,284,999,0,0
4285,81,0,285,0,1,0
4286,81,0,286,999,0,0
4287,81,0,287,0,1,1
4288,81,0,288,999,0,0
4289,81,0,289,1,1,1
4290,81,0,290,999,0,0
4291,81,0,291,0,1,0
4292,81,0,292,999,0,0
4293,81,0,293,1,1,0
4294,81,0,294,999,0,0
4295,81,0,295,0,0,0
4296,81,0,296,999,0,0
4297,81,0,297,0,0,1
4298,81,0,298,999,0,0
4299,81,0,299,0,0,1
4300,81,0,300,999,0,0
4301,81,0,301,0,0,1
4302,81,0,302,999,0,0
4303,81,0,303,1,0,0
4304,81,0,304,999,0,0
4305,81,0,305,1,1,1
4306,81,0,306,999,0,0
4307,81,0,307,0,0,0
4308,81,0,308,999,0,0
4309,81,0,309,1,0,1
4310,81,0,310,999,0,0
4311,81,0,311,1,1,0
4312,81,0,312,999,0,0
4313,81,0,313,0,1,0
4314,81,0,314,999,0,0
4315,81,0,315,1,0,0
4316,81,0,316,999,0,0
4317,81,0,317,0,0,0
4318,81,0,318,999,0,0
4319,81,0,319,0,1,1
4320,81,0,320,999,0,0
4321,81,0,321,1,1,1
4322,81,0,322,999,0,0
4323,81,0,323,1,1,1
4324,81,0,324,999,0,0
4325,81,0,325,1,1,0
4326,81,0,326,999,0,0
4327,81,0,327,0,1,0
4328,81,0,328,999,0,0
4329,81,0,329,1,1,0
4330,81,0,330,999,0,0
4331,81,0,331,1,1,0
4332,81,0,332,999,0,0
4333,81,0,333,0,1,1
4334,81,0,334,999,0,0
4335,81,0,335,1,0,1
4336,81,0,336,999,0,0
4337,81,0,337,1,0,1
4338,81,0,338,999,0,0
4339,81,0,339,1,1,1
4340,81,0,340,999,0,0
4341,81,0,341,1,1,0
4342,81,0,342,999,0,0
4343,81,0,343,0,1,0
4344,81,0,344,999,0,0
4345,81,0,345,0,1,0
4346,81,0,346,999,0,0
4347,81,0,347,0,0,0
4348,81,0,348,999,0,0
4349,81,0,349,0,1,1
4350,81,0,350,999,0,0
4351,81,0,351,1,1,0
4352,81,0,352,999,0,0
4353,81,0,353,0,0,0
4354,81,0,354,999,0,0
4355,81,0,355,0,1,0
4356,81,0,356,999,0,0
4357,81,0,357,0,1,0
4358,81,0,358,999,0,0
4359,81,0,359,1,0,1
4360,81,0,360,999,0,0
4361,81,0,361,1,1,1
4362,81,0,362,999,0,0
4363,81,0,363,0,1,0
4364,81,0,364,999,0,0
4365,81,0,365,0,0,0
4366,81,0,366,999,0,0
4367,81,0,367,0,0,0
4368,81,0,368,999,0,0
4369,81,0,369,0,0,0
4370,81,0,370,999,0,0
4371,81,0,371,0,0,1
4372,81,0,372,999,0,0
4373,81,0,373,0,0,0
4374,81,0,374,999,0,0
4375,81,0,375,1,1,1
4376,81,0,376,999,0,0
4377,81,0,377,0,0,1
4378,81,0,378,999,0,0
4379,81,0,379,1,1,1
4380,81,0,380,999,0,0
4381,81,0,381,0,1,0
4382,81,0,382,999,0,0
4383,81,0,383,1,1,1
4384,81,0,384,999,0,0
4385,81,0,385,0,1,1
4386,81,0,386,999,0,0
4387,81,0,387,0,0,1
4388,81,0,388,999,0,0
4389,81,0,389,0,0,0
4390,81,0,390,999,0,0
4391,81,0,391,1,1,0
4392,81,0,392,999,0,0
4393,81,0,393,0,1,1
4394,81,0,394,999,0,0
4395,81,0,395,0,1,0
4396,81,0,396,999,0,0
4397,81,0,397,0,0,0
4398,81,0,398,999,0,0
4399,81,0,399,0,1,0
4400,87,0,0,999,0,0
4401,87,0,1,0,1,1
4402,87,0,2,999,1,0
4403,87,0,3,0,1,1
4404,87,0,4,999,0,0
4405,87,0,5,0,0,1
4406,87,0,6,999,0,0
4407,87,0,7,0,0,0
4408,87,0,8,999,0,0
4409,87,0,9,0,1,1
4410,87,0,10,999,1,0
4411,87,0,11,0,1,0
4412,87,0,12,999,0,0
4413,87,0,13,0,1,1
4414,87,0,14,999,1,0
4415,87,0,15,1,0,1
4416,87,0,16,999,0,0
4417,87,0,17,0,1,1
4418,87,0,18,999,0,0
4419,87,0,19,1,1,0
4420,87,0,20,999,0,0
4421,87,0,21,0,0,1
4422,87,0,22,999,0,0
4423,87,0,23,0,0,0
4424,87,0,24,999,0,0
4425,87,0,25,0,1,0
4426,87,0,26,999,1,0
4427,87,0,27,1,0,1
4428,87,0,28,999,0,0
4429,87,0,29,0,0,0
4430,87,0,30,999,1,0
4431,87,0,31,1,0,1
4432,87,0,32,999,1,0
4433,87,0,33,1,1,0
4434,87,0,34,999,1,0
4435,87,0,35,1,0,0
4436,87,0,36,999,0,0
4437,87,0,37,0,0,0
4438,87,0,38,999,0,0
4439,87,0,39,1,0,1
4440,87,0,40,999,0,0
4441,87,0,41,0,1,1
4442,87,0,42,999,1,0
4443,87,0,43,0,1,1
4444,87,0,44,999,1,0
4445,87,0,45,1,1,1
4446,87,0,46,999,1,0
4447,87,0,47,1,0,1
4448,87,0,48,999,1,0
4449,87,0,49,1,0,1
4450,87,0,50,999,0,0
4451,87,0,51,1,0,0
4452,87,0,52,999,0,0
4453,87,0,53,0,1,0
4454,87,0,54,999,0,0
4455,87,0,55,0,0,1
4456,87,0,56,999,0,0
4457,87,0,57,0,0,0
4458,87,0,58,999,1,0
4459,87,0,59,1,0,1
4460,87,0,60,999,1,0
4461,87,0,61,1,0,0
4462,87,0,62,999,0,0
4463,87,0,63,0,0,0
4464,87,0,64,999,0,0
4465,87,0,65,0,1,1
4466,87,0,66,999,0,0
4467,87,0,67,0,1,0
4468,87,0,68,999,1,0
4469,87,0,69,1,1,0
4470,87,0,70,999,0,0
4471,87,0,71,1,1,0
4472,87,0,72,999,0,0
4473,87,0,73,0,0,1
4474,87,0,74,999,1,0
4475,87,0,75,1,1,1
4476,87,0,76,999,0,0
4477,87,0,77,0,1,1
4478,87,0,78,999,0,0
4479,87,0,79,1,0,1
4480,87,0,80,999,0,0
4481,87,0,81,1,1,1
4482,87,0,82,999,0,0
4483,87,0,83,0,0,0
4484,87,0,84,999,1,0
4485,87,0,85,1,1,0
4486,87,0,86,999,0,0
4487,87,0,87,0,0,1
4488,87,0,88,999,0,0
4489,87,0,89,0,0,1
4490,87,0,90,999,1,0
4491,87,0,91,1,0,1
4492,87,0,92,999,0,0
4493,87,0,93,0,0,1
4494,87,0,94,999,1,0
4495,87,0,95,1,0,1
4496,87,0,96,999,0,0
4497,87,0,97,0,0,0
4498,87,0,98,999,1,0
4499,87,0,99,1,1,0
4500,87,0,100,999,0,0
4501,87,0,101,0,0,0
4502,87,0,102,999,0,0
4503,87,0,103,1,1,0
4504,87,0,104,999,0,0
4505,87,0,105,0,0,1
4506,87,0,106,999,0,0
4507,87,0,107,0,0,1
4508,87,0,108,999,0,0
4509,87,0,109,1,1,0
4510,87,0,110,999,0,0
4511,87,0,111,0,0,1
4512,87,0,112,999,1,0
4513,87,0,113,1,0,1
4514,87,0,114,999,0,0
4515,87,0,115,1,0,1
4516,87,0,116,999,1,0
4517,87,0,117,1,0,1
4518,87,0,118,999,0,0
4519,87,0,119,1,0,1
4520,87,0,120,999,1,0
4521,87,0,121,1,0,0
4522,87,0,122,999,0,0
4523,87,0,123,0,0,1
4524,87,0,124,999,0,0
4525,87,0,125,0,0,1
4526,87,0,126,999,0,0
4527,87,0,127,0,0,1
4528,87,0,128,999,0,0
4529,87,0,129,1,1,1
4530,87,0,130,999,0,0
4531,87,0,131,0,0,0
4532,87,0,132,999,0,0
4533,87,0,133,1,0,1
4534,87,0,134,999,0,0
4535,87,0,135,1,0,1
4536,87,0,136,999,0,0
4537,87,0,137,0,1,0
4538,87,0,138,999,1,0
4539,87,0,139,1,0,0
4540,87,0,140,999,0,0
4541,87,0,141,0,1,1
4542,87,0,142,999,1,0
4543,87,0,143,1,1,1
4544,87,0,144,999,1,0
4545,87,0,145,0,1,1
4546,87,0,146,999,0,0
4547,87,0,147,0,0,0
4548,87,0,148,999,1,0
4549,87,0,149,0,1,1
4550,87,0,150,999,1,0
4551,87,0,151,0,1,1
4552,87,0,152,999,0,0
4553,87,0,153,0,0,1
4554,87,0,154,999,1,0
4555,87,0,155,1,1,1
4556,87,0,156,999,1,0
4557,87,0,157,1,1,1
4558,87,0,158,999,0,0
4559,87,0,159,1,0,1
4560,87,0,160,999,1,0
4561,87,0,161,1,0,1
4562,87,0,162,999,0,0
4563,87,0,163,0,0,1
4564,87,0,164,999,0,0
4565,87,0,165,0,0,1
4566,87,0,166,999,1,0
4567,87,0,167,0,0,1
4568,87,0,168,999,1,0
4569,87,0,169,0,0,1
4570,87,0,170,999,0,0
4571,87,0,171,0,0,1
4572,87,0,172,999,1,0
4573,87,0,173,1,1,1
4574,87,0,174,999,0,0
4575,87,0,175,0,0,1
4576,87,0,176,999,0,0
4577,87,0,177,1,1,0
4578,87,0,178,999,0,0
4579,87,0,179,1,0,1
4580,87,0,180,999,1,0
4581,87,0,181,0,0,1
4582,87,0,182,999,0,0
4583,87,0,183,0,0,1
4584,87,0,184,999,0,0
4585,87,0,185,0,0,1
4586,87,0,186,999,0,0
4587,87,0,187,0,0,1
4588,87,0,188,999,0,0
4589,87,0,189,0,0,1
4590,87,0,190,999,0,0
4591,87,0,191,1,0,1
4592,87,0,192,999,0,0
4593,87,0,193,0,0,1
4594,87,0,194,999,0,0
4595,87,0,195,0,0,1
4596,87,0,196,999,1,0
4597,87,0,197,1,0,0
4598,87,0,198,999,0,0
4599,87,0,199,0,0,1
4600,87,0,200,999,0,0
4601,87,0,201,0,0,1
4602,87,0,202,999,0,0
4603,87,0,203,0,0,1
4604,87,0,204,999,0,0
4605,87,0,205,1,1,0
4606,87,0,206,999,0,0
4607,87,0,207,0,0,1
4608,87,0,208,999,0,0
4609,87,0,209,0,0,1
4610,87,0,210,999,0,0
4611,87,0,211,0,0,1
4612,87,0,212,999,1,0
4613,87,0,213,0,0,1
4614,87,0,214,999,0,0
4615,87,0,215,0,0,1
4616,87,0,216,999,0,0
4617,87,0,217,0,0,0
4618,87,0,218,999,0,0
4619,87,0,219,0,0,1
4620,87,0,220,999,0,0
4621,87,0,221,0,0,1
4622,87,0,222,999,1,0
4623,87,0,223,0,0,0
4624,87,0,224,999,0,0
4625,87,0,225,0,0,1
4626,87,0,226,999,0,0
4627,87,0,227,0,0,1
4628,87,0,228,999,0,0
4629,87,0,229,0,0,0
4630,87,0,230,999,0,0
4631,87,0,231,0,0,1
4632,87,0,232,999,0,0
4633,87,0,233,0,0,0
4634,87,0,234,999,0,0
4635,87,0,235,0,0,0
4636,87,0,236,999,0,0
4637,87,0,237,1,0,0
4638,87,0,238,999,0,0
4639,87,0,239,0,0,1
4640,87,0,240,999,0,0
4641,87,0,241,0,0,0
4642,87,0,242,999,0,0
4643,87,0,243,0,0,1
4644,87,0,244,999,0,0
4645,87,0,245,0,0,1
4646,87,0,246,999,0,0
4647,87,0,247,0,0,0
4648,87,0,248,999,0,0
4649,87,0,249,0,0,0
4650,87,0,250,999,0,0
4651,87,0,251,0,0,1
4652,87,0,252,999,0,0
4653,87,0,253,0,0,1
4654,87,0,254,999,0,0
4655,87,0,255,0,0,1
4656,87,0,256,999,1,0
4657,87,0,257,1,1,0
4658,87,0,258,999,0,0
4659,87,0,259,0,0,1
4660,87,0,260,999,0,0
4661,87,0,261,0,0,0
4662,87,0,262,999,0,0
4663,87,0,263,0,0,1
4664,87,0,264,999,0,0
4665,87,0,265,0,0,0
4666,87,0,266,999,0,0
4667,87,0,267,0,0,1
4668,87,0,268,999,0,0
4669,87,0,269,0,0,1
4670,87,0,270,999,0,0
4671,87,0,271,0,0,1
4672,87,0,272,999,0,0
4673,87,0,273,0,0,1
4674,87,0,274,999,0,0
4675,87,0,275,0,0,1
4676,87,0,276,999,0,0
4677,87,0,277,0,0,0
4678,87,0,278,999,0,0
4679,87,0,279,0,0,1
4680,87,0,280,999,0,0
4681,87,0,281,0,0,0
4682,87,0,282,999,0,0
4683,87,0,283,0,0,0
4684,87,0,284,999,0,0
4685,87,0,285,0,0,0
4686,87,0,286,999,0,0
4687,87,0,287,0,0,1
4688,87,0,288,999,0,0
4689,87,0,289,0,0,1
4690,87,0,290,999,0,0
4691,87,0,291,0,0,1
4692,87,0,292,999,0,0
4693,87,0,293,0,0,1
4694,87,0,294,999,0,0
4695,87,0,295,0,0,1
4696,87,0,296,999,0,0
4697,87,0,297,0,0,0
4698,87,0,298,999,0,0
4699,87,0,299,1,0,1
4700,87,0,300,999,1,0
4701,87,0,301,1,0,1
4702,87,0,302,999,0,0
4703,87,0,303,0,0,1
4704,87,0,304,999,1,0
4705,87,0,305,1,0,0
4706,87,0,306,999,0,0
4707,87,0,307,0,0,1
4708,87,0,308,999,1,0
4709,87,0,309,1,0,1
4710,87,0,310,999,1,0
4711,87,0,311,1,0,0
4712,87,0,312,999,1,0
4713,87,0,313,0,0,0
4714,87,0,314,999,1,0
4715,87,0,315,0,0,0
4716,87,0,316,999,0,0
4717,87,0,317,0,0,0
4718,87,0,318,999,0,0
4719,87,0,319,0,0,1
4720,87,0,320,999,0,0
4721,87,0,321,1,1,1
4722,87,0,322,999,1,0
4723,87,0,323,0,0,0
4724,87,0,324,999,0,0
4725,87,0,325,1,0,0
4726,87,0,326,999,0,0
4727,87,0,327,0,0,0
4728,87,0,328,999,0,0
4729,87,0,329,0,0,0
4730,87,0,330,999,0,0
4731,87,0,331,0,0,1
4732,87,0,332,999,0,0
4733,87,0,333,0,0,1
4734,87,0,334,999,1,0
4735,87,0,335,1,1,0
4736,87,0,336,999,1,0
4737,87,0,337,1,0,1
4738,87,0,338,999,0,0
4739,87,0,339,0,0,1
4740,87,0,340,999,1,0
4741,87,0,341,1,0,1
4742,87,0,342,999,0,0
4743,87,0,343,0,0,1
4744,87,0,344,999,0,0
4745,87,0,345,1,0,1
4746,87,0,346,999,1,0
4747,87,0,347,0,0,1
4748,87,0,348,999,0,0
4749,87,0,349,0,0,1
4750,87,0,350,999,1,0
4751,87,0,351,0,0,1
4752,87,0,352,999,0,0
4753,87,0,353,1,0,1
4754,87,0,354,999,1,0
4755,87,0,355,0,0,0
4756,87,0,356,999,1,0
4757,87,0,357,1,0,1
4758,87,0,358,999,0,0
4759,87,0,359,1,0,1
4760,87,0,360,999,1,0
4761,87,0,361,1,0,0
4762,87,0,362,999,0,0
4763,87,0,363,0,0,1
4764,87,0,364,999,0,0
4765,87,0,365,0,0,1
4766,87,0,366,999,0,0
4767,87,0,367,0,0,0
4768,87,0,368,999,0,0
4769,87,0,369,0,0,1
4770,87,0,370,999,0,0
4771,87,0,371,0,0,0
4772,87,0,372,999,0,0
4773,87,0,373,1,0,1
4774,87,0,374,999,1,0
4775,87,0,375,1,0,1
4776,87,0,376,999,0,0
4777,87,0,377,0,0,1
4778,87,0,378,999,1,0
4779,87,0,379,1,0,1
4780,87,0,380,999,0,0
4781,87,0,381,0,0,1
4782,87,0,382,999,1,0
4783,87,0,383,1,0,0
4784,87,0,384,999,0,0
4785,87,0,385,1,0,1
4786,87,0,386,999,0,0
4787,87,0,387,0,0,1
4788,87,0,388,999,0,0
4789,87,0,389,0,0,0
4790,87,0,390,999,0,0
4791,87,0,391,1,0,1
4792,87,0,392,999,1,0
4793,87,0,393,1,0,1
4794,87,0,394,999,0,0
4795,87,0,395,1,0,1
4796,87,0,396,999,1,0
4797,87,0,397,1,0,0
4798,87,0,398,999,0,0
4799,87,0,399,0,0,1
