,participant,task,trial,choice,reward,forced,slot1_value,slot2_value
0,9,0,0,0,66,1,60,56
1,9,0,1,1,57,1,60,56
2,9,0,2,0,57,1,60,56
3,9,0,3,0,59,1,60,56
4,9,0,4,1,55,0,60,56
5,9,1,0,0,86,1,90,60
6,9,1,1,0,84,1,90,60
7,9,1,2,1,57,1,90,60
8,9,1,3,1,66,1,90,60
9,9,1,4,0,86,0,90,60
10,9,1,5,0,85,0,90,60
11,9,1,6,0,92,0,90,60
12,9,1,7,0,97,0,90,60
13,9,1,8,0,64,0,90,60
14,9,1,9,0,88,0,90,60
15,9,2,0,0,50,1,40,60
16,9,2,1,1,67,1,40,60
17,9,2,2,0,37,1,40,60
18,9,2,3,1,53,1,40,60
19,9,2,4,1,64,0,40,60
20,9,3,0,1,60,1,32,40
21,9,3,1,0,40,1,32,40
22,9,3,2,1,42,1,32,40
23,9,3,3,1,43,1,32,40
24,9,3,4,1,23,0,32,40
25,9,4,0,0,30,1,40,32
26,9,4,1,1,40,1,40,32
27,9,4,2,1,25,1,40,32
28,9,4,3,1,34,1,40,32
29,9,4,4,1,43,0,40,32
30,9,5,0,0,62,1,60,64
31,9,5,1,1,79,1,60,64
32,9,5,2,1,74,1,60,64
33,9,5,3,0,48,1,60,64
34,9,5,4,1,55,0,60,64
35,9,6,0,0,62,1,60,40
36,9,6,1,0,73,1,60,40
37,9,6,2,0,56,1,60,40
38,9,6,3,1,37,1,60,40
39,9,6,4,0,51,0,60,40
40,9,7,0,0,2,1,10,40
41,9,7,1,1,43,1,10,40
42,9,7,2,0,20,1,10,40
43,9,7,3,0,21,1,10,40
44,9,7,4,1,40,0,10,40
45,9,7,5,1,46,0,10,40
46,9,7,6,1,47,0,10,40
47,9,7,7,1,25,0,10,40
48,9,7,8,1,47,0,10,40
49,9,7,9,1,50,0,10,40
50,9,8,0,1,61,1,40,52
51,9,8,1,1,49,1,40,52
52,9,8,2,0,45,1,40,52
53,9,8,3,1,46,1,40,52
54,9,8,4,1,58,0,40,52
55,9,8,5,1,47,0,40,52
56,9,8,6,1,42,0,40,52
57,9,8,7,1,55,0,40,52
58,9,8,8,1,46,0,40,52
59,9,8,9,1,58,0,40,52
60,9,9,0,1,65,1,60,64
61,9,9,1,1,73,1,60,64
62,9,9,2,0,51,1,60,64
63,9,9,3,0,58,1,60,64
64,9,9,4,1,59,0,60,64
65,9,9,5,1,62,0,60,64
66,9,9,6,1,59,0,60,64
67,9,9,7,1,65,0,60,64
68,9,9,8,1,65,0,60,64
69,9,9,9,1,67,0,60,64
70,9,10,0,0,42,1,40,36
71,9,10,1,0,44,1,40,36
72,9,10,2,0,42,1,40,36
73,9,10,3,1,44,1,40,36
74,9,10,4,1,40,0,40,36
75,9,10,5,1,24,0,40,36
76,9,10,6,1,43,0,40,36
77,9,10,7,1,50,0,40,36
78,9,10,8,1,20,0,40,36
79,9,10,9,1,41,0,40,36
80,9,11,0,0,52,1,56,60
81,9,11,1,1,51,1,56,60
82,9,11,2,1,72,1,56,60
83,9,11,3,1,63,1,56,60
84,9,11,4,1,56,0,56,60
85,9,12,0,0,35,1,40,52
86,9,12,1,0,49,1,40,52
87,9,12,2,1,61,1,40,52
88,9,12,3,1,40,1,40,52
89,9,12,4,1,47,0,40,52
90,9,13,0,0,66,1,60,48
91,9,13,1,1,46,1,60,48
92,9,13,2,0,60,1,60,48
93,9,13,3,0,53,1,60,48
94,9,13,4,0,70,0,60,48
95,9,14,0,0,36,1,48,60
96,9,14,1,0,42,1,48,60
97,9,14,2,0,37,1,48,60
98,9,14,3,1,52,1,48,60
99,9,14,4,1,51,0,48,60
100,9,14,5,1,61,0,48,60
101,9,14,6,1,62,0,48,60
102,9,14,7,1,60,0,48,60
103,9,14,8,1,53,0,48,60
104,9,14,9,1,52,0,48,60
105,9,15,0,0,51,1,60,80
106,9,15,1,0,52,1,60,80
107,9,15,2,1,80,1,60,80
108,9,15,3,0,53,1,60,80
109,9,15,4,1,84,0,60,80
110,9,15,5,1,89,0,60,80
111,9,15,6,1,82,0,60,80
112,9,15,7,1,88,0,60,80
113,9,15,8,1,88,0,60,80
114,9,15,9,1,72,0,60,80
115,9,16,0,0,49,1,60,48
116,9,16,1,1,54,1,60,48
117,9,16,2,1,41,1,60,48
118,9,16,3,1,48,1,60,48
119,9,16,4,1,44,0,60,48
120,9,17,0,1,79,1,40,70
121,9,17,1,1,80,1,40,70
122,9,17,2,0,49,1,40,70
123,9,17,3,0,46,1,40,70
124,9,17,4,1,75,0,40,70
125,9,18,0,1,54,1,60,40
126,9,18,1,0,54,1,60,40
127,9,18,2,1,32,1,60,40
128,9,18,3,1,47,1,60,40
129,9,18,4,1,37,0,60,40
130,9,18,5,0,67,0,60,40
131,9,18,6,0,62,0,60,40
132,9,18,7,0,56,0,60,40
133,9,18,8,0,63,0,60,40
134,9,18,9,0,56,0,60,40
135,9,19,0,0,58,1,60,80
136,9,19,1,0,55,1,60,80
137,9,19,2,1,76,1,60,80
138,9,19,3,1,73,1,60,80
139,9,19,4,1,72,0,60,80
140,9,20,0,0,42,1,40,36
141,9,20,1,1,35,1,40,36
142,9,20,2,1,37,1,40,36
143,9,20,3,1,41,1,40,36
144,9,20,4,0,31,0,40,36
145,9,20,5,1,33,0,40,36
146,9,20,6,1,30,0,40,36
147,9,20,7,1,47,0,40,36
148,9,20,8,1,31,0,40,36
149,9,20,9,1,40,0,40,36
150,9,21,0,0,45,1,48,40
151,9,21,1,0,55,1,48,40
152,9,21,2,1,38,1,48,40
153,9,21,3,0,36,1,48,40
154,9,21,4,0,65,0,48,40
155,9,21,5,0,42,0,48,40
156,9,21,6,0,49,0,48,40
157,9,21,7,0,40,0,48,40
158,9,21,8,0,48,0,48,40
159,9,21,9,0,54,0,48,40
160,9,22,0,0,60,1,64,60
161,9,22,1,0,57,1,64,60
162,9,22,2,1,54,1,64,60
163,9,22,3,1,69,1,64,60
164,9,22,4,1,64,0,64,60
165,9,23,0,1,100,1,60,90
166,9,23,1,0,59,1,60,90
167,9,23,2,1,85,1,60,90
168,9,23,3,1,100,1,60,90
169,9,23,4,1,84,0,60,90
170,9,23,5,1,98,0,60,90
171,9,23,6,1,82,0,60,90
172,9,23,7,1,89,0,60,90
173,9,23,8,1,81,0,60,90
174,9,23,9,1,88,0,60,90
175,9,24,0,1,28,1,70,40
176,9,24,1,0,58,1,70,40
177,9,24,2,0,59,1,70,40
178,9,24,3,0,88,1,70,40
179,9,24,4,0,65,0,70,40
180,9,25,0,1,82,1,60,80
181,9,25,1,0,62,1,60,80
182,9,25,2,1,77,1,60,80
183,9,25,3,1,90,1,60,80
184,9,25,4,1,67,0,60,80
185,9,25,5,1,73,0,60,80
186,9,25,6,1,85,0,60,80
187,9,25,7,1,71,0,60,80
188,9,25,8,1,84,0,60,80
189,9,25,9,1,88,0,60,80
190,9,26,0,1,48,1,40,52
191,9,26,1,1,72,1,40,52
192,9,26,2,0,47,1,40,52
193,9,26,3,0,53,1,40,52
194,9,26,4,1,44,0,40,52
195,9,26,5,1,52,0,40,52
196,9,26,6,1,54,0,40,52
197,9,26,7,1,42,0,40,52
198,9,26,8,1,52,0,40,52
199,9,26,9,1,57,0,40,52
200,9,27,0,0,61,1,52,40
201,9,27,1,0,55,1,52,40
202,9,27,2,1,26,1,52,40
203,9,27,3,0,65,1,52,40
204,9,27,4,0,60,0,52,40
205,9,27,5,0,46,0,52,40
206,9,27,6,0,56,0,52,40
207,9,27,7,0,62,0,52,40
208,9,27,8,0,42,0,52,40
209,9,27,9,0,58,0,52,40
210,9,28,0,0,35,1,40,44
211,9,28,1,1,48,1,40,44
212,9,28,2,1,42,1,40,44
213,9,28,3,1,43,1,40,44
214,9,28,4,1,58,0,40,44
215,9,29,0,1,42,1,48,40
216,9,29,1,0,51,1,48,40
217,9,29,2,0,48,1,48,40
218,9,29,3,1,47,1,48,40
219,9,29,4,0,37,0,48,40
220,9,29,5,0,53,0,48,40
221,9,29,6,0,44,0,48,40
222,9,29,7,0,51,0,48,40
223,9,29,8,0,56,0,48,40
224,9,29,9,0,40,0,48,40
225,9,30,0,0,67,1,64,60
226,9,30,1,1,58,1,64,60
227,9,30,2,0,74,1,64,60
228,9,30,3,0,55,1,64,60
229,9,30,4,0,56,0,64,60
230,9,30,5,0,61,0,64,60
231,9,30,6,0,68,0,64,60
232,9,30,7,0,58,0,64,60
233,9,30,8,0,76,0,64,60
234,9,30,9,0,63,0,64,60
235,9,31,0,0,31,1,36,40
236,9,31,1,0,30,1,36,40
237,9,31,2,0,41,1,36,40
238,9,31,3,1,35,1,36,40
239,9,31,4,1,36,0,36,40
240,9,32,0,1,24,1,40,20
241,9,32,1,0,37,1,40,20
242,9,32,2,1,19,1,40,20
243,9,32,3,1,3,1,40,20
244,9,32,4,0,26,0,40,20
245,9,33,0,0,42,1,52,60
246,9,33,1,1,61,1,52,60
247,9,33,2,1,50,1,52,60
248,9,33,3,1,48,1,52,60
249,9,33,4,1,48,0,52,60
250,9,33,5,1,49,0,52,60
251,9,33,6,1,57,0,52,60
252,9,33,7,1,71,0,52,60
253,9,33,8,1,78,0,52,60
254,9,33,9,1,64,0,52,60
255,9,34,0,0,66,1,60,56
256,9,34,1,0,64,1,60,56
257,9,34,2,1,64,1,60,56
258,9,34,3,1,67,1,60,56
259,9,34,4,1,52,0,60,56
260,9,34,5,0,50,0,60,56
261,9,34,6,1,53,0,60,56
262,9,34,7,1,65,0,60,56
263,9,34,8,1,46,0,60,56
264,9,34,9,1,67,0,60,56
265,9,35,0,1,46,1,40,48
266,9,35,1,1,46,1,40,48
267,9,35,2,0,43,1,40,48
268,9,35,3,1,42,1,40,48
269,9,35,4,1,57,0,40,48
270,9,35,5,1,59,0,40,48
271,9,35,6,1,35,0,40,48
272,9,35,7,1,41,0,40,48
273,9,35,8,1,54,0,40,48
274,9,35,9,1,50,0,40,48
275,9,36,0,0,56,1,60,80
276,9,36,1,1,86,1,60,80
277,9,36,2,1,95,1,60,80
278,9,36,3,0,57,1,60,80
279,9,36,4,1,92,0,60,80
280,9,36,5,1,71,0,60,80
281,9,36,6,1,73,0,60,80
282,9,36,7,1,86,0,60,80
283,9,36,8,1,79,0,60,80
284,9,36,9,1,86,0,60,80
285,9,37,0,0,84,1,80,60
286,9,37,1,0,81,1,80,60
287,9,37,2,0,83,1,80,60
288,9,37,3,1,66,1,80,60
289,9,37,4,0,71,0,80,60
290,9,38,0,0,49,1,56,60
291,9,38,1,1,60,1,56,60
292,9,38,2,0,46,1,56,60
293,9,38,3,1,59,1,56,60
294,9,38,4,1,58,0,56,60
295,9,38,5,1,47,0,56,60
296,9,38,6,1,66,0,56,60
297,9,38,7,1,64,0,56,60
298,9,38,8,1,72,0,56,60
299,9,38,9,1,59,0,56,60
300,9,39,0,0,26,1,20,40
301,9,39,1,0,19,1,20,40
302,9,39,2,0,9,1,20,40
303,9,39,3,1,41,1,20,40
304,9,39,4,1,22,0,20,40
305,9,40,0,1,56,1,90,60
306,9,40,1,1,52,1,90,60
307,9,40,2,1,51,1,90,60
308,9,40,3,0,86,1,90,60
309,9,40,4,0,92,0,90,60
310,9,40,5,0,100,0,90,60
311,9,40,6,0,77,0,90,60
312,9,40,7,0,92,0,90,60
313,9,40,8,0,84,0,90,60
314,9,40,9,0,98,0,90,60
315,9,41,0,1,31,1,40,36
316,9,41,1,0,30,1,40,36
317,9,41,2,0,43,1,40,36
318,9,41,3,0,47,1,40,36
319,9,41,4,0,47,0,40,36
320,9,42,0,1,79,1,40,70
321,9,42,1,0,43,1,40,70
322,9,42,2,1,83,1,40,70
323,9,42,3,1,52,1,40,70
324,9,42,4,1,64,0,40,70
325,9,43,0,0,37,1,40,48
326,9,43,1,0,47,1,40,48
327,9,43,2,0,24,1,40,48
328,9,43,3,1,54,1,40,48
329,9,43,4,1,38,0,40,48
330,9,44,0,0,47,1,60,52
331,9,44,1,1,63,1,60,52
332,9,44,2,1,56,1,60,52
333,9,44,3,1,50,1,60,52
334,9,44,4,1,39,0,60,52
335,9,45,0,0,64,1,60,80
336,9,45,1,1,88,1,60,80
337,9,45,2,1,83,1,60,80
338,9,45,3,1,85,1,60,80
339,9,45,4,1,83,0,60,80
340,9,46,0,0,66,1,60,52
341,9,46,1,1,49,1,60,52
342,9,46,2,1,44,1,60,52
343,9,46,3,0,69,1,60,52
344,9,46,4,0,52,0,60,52
345,9,47,0,0,48,1,40,10
346,9,47,1,1,1,1,40,10
347,9,47,2,0,27,1,40,10
348,9,47,3,1,13,1,40,10
349,9,47,4,0,37,0,40,10
350,9,48,0,0,35,1,28,40
351,9,48,1,1,29,1,28,40
352,9,48,2,0,30,1,28,40
353,9,48,3,1,39,1,28,40
354,9,48,4,1,41,0,28,40
355,9,49,0,1,76,1,48,60
356,9,49,1,0,47,1,48,60
357,9,49,2,0,28,1,48,60
358,9,49,3,0,50,1,48,60
359,9,49,4,1,59,0,48,60
360,9,50,0,0,47,1,48,60
361,9,50,1,1,65,1,48,60
362,9,50,2,1,67,1,48,60
363,9,50,3,0,36,1,48,60
364,9,50,4,1,50,0,48,60
365,9,50,5,1,63,0,48,60
366,9,50,6,1,56,0,48,60
367,9,50,7,1,67,0,48,60
368,9,50,8,1,51,0,48,60
369,9,50,9,1,68,0,48,60
370,9,51,0,0,96,1,90,60
371,9,51,1,1,66,1,90,60
372,9,51,2,1,64,1,90,60
373,9,51,3,1,71,1,90,60
374,9,51,4,0,92,0,90,60
375,9,52,0,1,65,1,60,68
376,9,52,1,0,54,1,60,68
377,9,52,2,0,53,1,60,68
378,9,52,3,1,62,1,60,68
379,9,52,4,1,67,0,60,68
380,9,53,0,1,69,1,30,60
381,9,53,1,1,67,1,30,60
382,9,53,2,0,26,1,30,60
383,9,53,3,1,46,1,30,60
384,9,53,4,1,61,0,30,60
385,9,54,0,0,48,1,60,90
386,9,54,1,0,52,1,60,90
387,9,54,2,0,57,1,60,90
388,9,54,3,1,82,1,60,90
389,9,54,4,1,90,0,60,90
390,9,55,0,0,51,1,40,36
391,9,55,1,0,36,1,40,36
392,9,55,2,1,31,1,40,36
393,9,55,3,1,48,1,40,36
394,9,55,4,0,34,0,40,36
395,9,56,0,1,19,1,40,20
396,9,56,1,0,28,1,40,20
397,9,56,2,1,15,1,40,20
398,9,56,3,0,44,1,40,20
399,9,56,4,0,42,0,40,20
400,9,57,0,0,16,1,20,40
401,9,57,1,1,37,1,20,40
402,9,57,2,0,24,1,20,40
403,9,57,3,1,37,1,20,40
404,9,57,4,1,38,0,20,40
405,9,57,5,1,51,0,20,40
406,9,57,6,1,32,0,20,40
407,9,57,7,1,39,0,20,40
408,9,57,8,1,47,0,20,40
409,9,57,9,1,31,0,20,40
410,9,58,0,1,46,1,40,48
411,9,58,1,0,44,1,40,48
412,9,58,2,0,35,1,40,48
413,9,58,3,1,52,1,40,48
414,9,58,4,1,45,0,40,48
415,9,59,0,1,51,1,60,64
416,9,59,1,1,61,1,60,64
417,9,59,2,0,66,1,60,64
418,9,59,3,1,54,1,60,64
419,9,59,4,0,73,0,60,64
420,9,59,5,0,46,0,60,64
421,9,59,6,0,64,0,60,64
422,9,59,7,0,62,0,60,64
423,9,59,8,0,60,0,60,64
424,9,59,9,0,69,0,60,64
425,9,60,0,0,21,1,10,40
426,9,60,1,1,40,1,10,40
427,9,60,2,1,36,1,10,40
428,9,60,3,0,11,1,10,40
429,9,60,4,1,46,0,10,40
430,9,61,0,0,64,1,80,60
431,9,61,1,1,61,1,80,60
432,9,61,2,0,77,1,80,60
433,9,61,3,0,71,1,80,60
434,9,61,4,0,85,0,80,60
435,9,61,5,0,79,0,80,60
436,9,61,6,0,80,0,80,60
437,9,61,7,0,84,0,80,60
438,9,61,8,0,80,0,80,60
439,9,61,9,0,82,0,80,60
440,9,62,0,0,49,1,60,40
441,9,62,1,1,39,1,60,40
442,9,62,2,1,47,1,60,40
443,9,62,3,1,28,1,60,40
444,9,62,4,1,33,0,60,40
445,9,63,0,1,22,1,60,30
446,9,63,1,0,74,1,60,30
447,9,63,2,0,60,1,60,30
448,9,63,3,1,15,1,60,30
449,9,63,4,0,66,0,60,30
450,9,63,5,0,57,0,60,30
451,9,63,6,0,60,0,60,30
452,9,63,7,0,65,0,60,30
453,9,63,8,0,79,0,60,30
454,9,63,9,0,63,0,60,30
455,9,64,0,0,44,1,40,32
456,9,64,1,1,33,1,40,32
457,9,64,2,0,57,1,40,32
458,9,64,3,0,58,1,40,32
459,9,64,4,0,41,0,40,32
460,9,64,5,0,56,0,40,32
461,9,64,6,0,42,0,40,32
462,9,64,7,0,45,0,40,32
463,9,64,8,0,38,0,40,32
464,9,64,9,0,40,0,40,32
465,9,65,0,0,70,1,60,48
466,9,65,1,0,67,1,60,48
467,9,65,2,0,58,1,60,48
468,9,65,3,1,51,1,60,48
469,9,65,4,0,64,0,60,48
470,9,65,5,0,51,0,60,48
471,9,65,6,0,67,0,60,48
472,9,65,7,0,65,0,60,48
473,9,65,8,0,59,0,60,48
474,9,65,9,0,65,0,60,48
475,9,66,0,1,31,1,48,40
476,9,66,1,1,26,1,48,40
477,9,66,2,0,44,1,48,40
478,9,66,3,1,39,1,48,40
479,9,66,4,0,65,0,48,40
480,9,67,0,0,40,1,60,52
481,9,67,1,1,54,1,60,52
482,9,67,2,0,67,1,60,52
483,9,67,3,1,63,1,60,52
484,9,67,4,0,68,0,60,52
485,9,68,0,0,44,1,44,40
486,9,68,1,0,51,1,44,40
487,9,68,2,1,38,1,44,40
488,9,68,3,0,48,1,44,40
489,9,68,4,0,43,0,44,40
490,9,68,5,0,47,0,44,40
491,9,68,6,0,45,0,44,40
492,9,68,7,0,36,0,44,40
493,9,68,8,0,52,0,44,40
494,9,68,9,0,47,0,44,40
495,9,69,0,0,50,1,44,40
496,9,69,1,1,39,1,44,40
497,9,69,2,1,41,1,44,40
498,9,69,3,0,41,1,44,40
499,9,69,4,1,34,0,44,40
500,9,70,0,0,29,1,40,44
501,9,70,1,1,42,1,40,44
502,9,70,2,0,46,1,40,44
503,9,70,3,1,63,1,40,44
504,9,70,4,1,49,0,40,44
505,9,70,5,1,45,0,40,44
506,9,70,6,1,41,0,40,44
507,9,70,7,1,28,0,40,44
508,9,70,8,1,36,0,40,44
509,9,70,9,1,46,0,40,44
510,9,71,0,1,41,1,36,40
511,9,71,1,0,23,1,36,40
512,9,71,2,1,38,1,36,40
513,9,71,3,0,40,1,36,40
514,9,71,4,1,41,0,36,40
515,9,72,0,0,30,1,40,28
516,9,72,1,0,41,1,40,28
517,9,72,2,1,30,1,40,28
518,9,72,3,1,11,1,40,28
519,9,72,4,0,30,0,40,28
520,9,73,0,1,56,1,40,60
521,9,73,1,0,38,1,40,60
522,9,73,2,0,31,1,40,60
523,9,73,3,1,66,1,40,60
524,9,73,4,1,53,0,40,60
525,9,74,0,0,44,1,36,40
526,9,74,1,1,43,1,36,40
527,9,74,2,1,36,1,36,40
528,9,74,3,1,37,1,36,40
529,9,74,4,0,29,0,36,40
530,9,75,0,0,48,1,44,40
531,9,75,1,1,35,1,44,40
532,9,75,2,1,46,1,44,40
533,9,75,3,0,47,1,44,40
534,9,75,4,0,32,0,44,40
535,9,76,0,0,67,1,60,64
536,9,76,1,0,48,1,60,64
537,9,76,2,0,69,1,60,64
538,9,76,3,1,68,1,60,64
539,9,76,4,1,70,0,60,64
540,9,76,5,1,55,0,60,64
541,9,76,6,1,67,0,60,64
542,9,76,7,1,63,0,60,64
543,9,76,8,1,73,0,60,64
544,9,76,9,1,80,0,60,64
545,9,77,0,0,39,1,28,40
546,9,77,1,0,31,1,28,40
547,9,77,2,0,29,1,28,40
548,9,77,3,1,29,1,28,40
549,9,77,4,0,19,0,28,40
550,9,78,0,1,92,1,60,90
551,9,78,1,0,46,1,60,90
552,9,78,2,0,60,1,60,90
553,9,78,3,1,87,1,60,90
554,9,78,4,1,86,0,60,90
555,9,78,5,1,93,0,60,90
556,9,78,6,1,96,0,60,90
557,9,78,7,1,88,0,60,90
558,9,78,8,1,95,0,60,90
559,9,78,9,1,94,0,60,90
560,9,79,0,0,89,1,90,60
561,9,79,1,1,65,1,90,60
562,9,79,2,1,72,1,90,60
563,9,79,3,0,94,1,90,60
564,9,79,4,0,90,0,90,60
565,9,79,5,0,100,0,90,60
566,9,79,6,0,96,0,90,60
567,9,79,7,0,86,0,90,60
568,9,79,8,0,81,0,90,60
569,9,79,9,0,96,0,90,60
570,9,80,0,1,49,1,60,40
571,9,80,1,1,51,1,60,40
572,9,80,2,0,70,1,60,40
573,9,80,3,0,58,1,60,40
574,9,80,4,0,64,0,60,40
575,9,80,5,0,64,0,60,40
576,9,80,6,0,61,0,60,40
577,9,80,7,0,60,0,60,40
578,9,80,8,0,59,0,60,40
579,9,80,9,0,69,0,60,40
580,9,81,0,1,60,1,40,60
581,9,81,1,0,44,1,40,60
582,9,81,2,0,28,1,40,60
583,9,81,3,0,48,1,40,60
584,9,81,4,1,54,0,40,60
585,9,82,0,0,87,1,90,60
586,9,82,1,1,52,1,90,60
587,9,82,2,0,96,1,90,60
588,9,82,3,0,95,1,90,60
589,9,82,4,0,97,0,90,60
590,9,83,0,1,59,1,64,60
591,9,83,1,1,56,1,64,60
592,9,83,2,0,51,1,64,60
593,9,83,3,0,62,1,64,60
594,9,83,4,0,60,0,64,60
595,9,84,0,0,22,1,40,60
596,9,84,1,0,42,1,40,60
597,9,84,2,1,59,1,40,60
598,9,84,3,1,65,1,40,60
599,9,84,4,1,59,0,40,60
600,9,84,5,1,53,0,40,60
601,9,84,6,1,63,0,40,60
602,9,84,7,1,59,0,40,60
603,9,84,8,1,64,0,40,60
604,9,84,9,1,59,0,40,60
605,9,85,0,0,37,1,40,48
606,9,85,1,0,47,1,40,48
607,9,85,2,0,37,1,40,48
608,9,85,3,1,43,1,40,48
609,9,85,4,1,46,0,40,48
610,9,85,5,1,52,0,40,48
611,9,85,6,1,48,0,40,48
612,9,85,7,1,52,0,40,48
613,9,85,8,1,39,0,40,48
614,9,85,9,1,46,0,40,48
615,9,86,0,1,60,1,40,70
616,9,86,1,0,39,1,40,70
617,9,86,2,0,34,1,40,70
618,9,86,3,1,48,1,40,70
619,9,86,4,1,84,0,40,70
620,9,86,5,1,79,0,40,70
621,9,86,6,1,70,0,40,70
622,9,86,7,1,66,0,40,70
623,9,86,8,1,77,0,40,70
624,9,86,9,1,71,0,40,70
625,9,87,0,1,47,1,40,52
626,9,87,1,1,50,1,40,52
627,9,87,2,0,37,1,40,52
628,9,87,3,0,29,1,40,52
629,9,87,4,1,61,0,40,52
630,9,88,0,0,62,1,60,68
631,9,88,1,1,61,1,60,68
632,9,88,2,0,52,1,60,68
633,9,88,3,1,68,1,60,68
634,9,88,4,1,76,0,60,68
635,9,88,5,1,58,0,60,68
636,9,88,6,1,69,0,60,68
637,9,88,7,1,63,0,60,68
638,9,88,8,1,61,0,60,68
639,9,88,9,1,56,0,60,68
640,9,89,0,0,51,1,52,40
641,9,89,1,0,43,1,52,40
642,9,89,2,1,28,1,52,40
643,9,89,3,1,41,1,52,40
644,9,89,4,0,50,0,52,40
645,9,90,0,1,65,1,72,60
646,9,90,1,1,69,1,72,60
647,9,90,2,0,75,1,72,60
648,9,90,3,0,77,1,72,60
649,9,90,4,0,100,0,72,60
650,9,91,0,0,40,1,40,70
651,9,91,1,1,79,1,40,70
652,9,91,2,0,49,1,40,70
653,9,91,3,0,37,1,40,70
654,9,91,4,1,75,0,40,70
655,9,91,5,1,62,0,40,70
656,9,91,6,1,64,0,40,70
657,9,91,7,1,56,0,40,70
658,9,91,8,1,71,0,40,70
659,9,91,9,1,76,0,40,70
660,9,92,0,0,34,1,40,32
661,9,92,1,1,33,1,40,32
662,9,92,2,1,26,1,40,32
663,9,92,3,0,32,1,40,32
664,9,92,4,0,43,0,40,32
665,9,93,0,0,72,1,70,40
666,9,93,1,0,64,1,70,40
667,9,93,2,0,83,1,70,40
668,9,93,3,1,37,1,70,40
669,9,93,4,0,54,0,70,40
670,9,93,5,0,81,0,70,40
671,9,93,6,0,70,0,70,40
672,9,93,7,0,68,0,70,40
673,9,93,8,0,69,0,70,40
674,9,93,9,0,81,0,70,40
675,9,94,0,1,73,1,80,60
676,9,94,1,1,42,1,80,60
677,9,94,2,0,81,1,80,60
678,9,94,3,0,83,1,80,60
679,9,94,4,0,85,0,80,60
680,9,95,0,0,40,1,40,48
681,9,95,1,0,31,1,40,48
682,9,95,2,1,34,1,40,48
683,9,95,3,1,39,1,40,48
684,9,95,4,1,35,0,40,48
685,9,95,5,1,44,0,40,48
686,9,95,6,1,65,0,40,48
687,9,95,7,1,46,0,40,48
688,9,95,8,1,77,0,40,48
689,9,95,9,1,52,0,40,48
690,9,96,0,0,49,1,40,32
691,9,96,1,1,32,1,40,32
692,9,96,2,0,52,1,40,32
693,9,96,3,0,45,1,40,32
694,9,96,4,0,39,0,40,32
695,9,97,0,0,70,1,60,80
696,9,97,1,1,80,1,60,80
697,9,97,2,0,64,1,60,80
698,9,97,3,0,56,1,60,80
699,9,97,4,1,73,0,60,80
700,9,98,0,0,27,1,28,40
701,9,98,1,1,51,1,28,40
702,9,98,2,1,51,1,28,40
703,9,98,3,1,30,1,28,40
704,9,98,4,1,28,0,28,40
705,9,98,5,1,29,0,28,40
706,9,98,6,1,31,0,28,40
707,9,98,7,1,36,0,28,40
708,9,98,8,1,49,0,28,40
709,9,98,9,1,56,0,28,40
710,9,99,0,0,39,1,44,40
711,9,99,1,0,47,1,44,40
712,9,99,2,1,43,1,44,40
713,9,99,3,0,56,1,44,40
714,9,99,4,0,47,0,44,40
715,17,0,0,1,68,1,60,80
716,17,0,1,0,59,1,60,80
717,17,0,2,0,75,1,60,80
718,17,0,3,1,91,1,60,80
719,17,0,4,1,72,0,60,80
720,17,0,5,0,60,0,60,80
721,17,0,6,1,99,0,60,80
722,17,0,7,0,49,0,60,80
723,17,0,8,1,78,0,60,80
724,17,0,9,0,65,0,60,80
725,17,1,0,0,62,1,60,30
726,17,1,1,1,25,1,60,30
727,17,1,2,1,39,1,60,30
728,17,1,3,0,67,1,60,30
729,17,1,4,1,18,0,60,30
730,17,1,5,0,43,0,60,30
731,17,1,6,0,63,0,60,30
732,17,1,7,0,71,0,60,30
733,17,1,8,0,74,0,60,30
734,17,1,9,0,67,0,60,30
735,17,2,0,0,86,1,60,72
736,17,2,1,1,78,1,60,72
737,17,2,2,0,60,1,60,72
738,17,2,3,0,72,1,60,72
739,17,2,4,0,43,0,60,72
740,17,3,0,0,35,1,32,40
741,17,3,1,1,25,1,32,40
742,17,3,2,1,29,1,32,40
743,17,3,3,1,33,1,32,40
744,17,3,4,0,31,0,32,40
745,17,4,0,0,61,1,52,60
746,17,4,1,1,59,1,52,60
747,17,4,2,0,52,1,52,60
748,17,4,3,0,51,1,52,60
749,17,4,4,0,41,0,52,60
750,17,4,5,0,54,0,52,60
751,17,4,6,0,58,0,52,60
752,17,4,7,0,49,0,52,60
753,17,4,8,0,62,0,52,60
754,17,4,9,0,69,0,52,60
755,17,5,0,1,52,1,40,44
756,17,5,1,1,41,1,40,44
757,17,5,2,0,48,1,40,44
758,17,5,3,0,39,1,40,44
759,17,5,4,1,45,0,40,44
760,17,6,0,0,41,1,40,60
761,17,6,1,1,58,1,40,60
762,17,6,2,1,56,1,40,60
763,17,6,3,0,37,1,40,60
764,17,6,4,1,55,0,40,60
765,17,7,0,1,33,1,52,40
766,17,7,1,0,53,1,52,40
767,17,7,2,1,35,1,52,40
768,17,7,3,0,66,1,52,40
769,17,7,4,0,47,0,52,40
770,17,8,0,1,45,1,40,60
771,17,8,1,0,38,1,40,60
772,17,8,2,0,41,1,40,60
773,17,8,3,1,62,1,40,60
774,17,8,4,1,71,0,40,60
775,17,9,0,1,46,1,40,44
776,17,9,1,1,37,1,40,44
777,17,9,2,0,34,1,40,44
778,17,9,3,1,35,1,40,44
779,17,9,4,1,40,0,40,44
780,17,10,0,1,55,1,60,48
781,17,10,1,0,53,1,60,48
782,17,10,2,1,48,1,60,48
783,17,10,3,1,49,1,60,48
784,17,10,4,0,69,0,60,48
785,17,10,5,1,50,0,60,48
786,17,10,6,0,66,0,60,48
787,17,10,7,1,38,0,60,48
788,17,10,8,0,49,0,60,48
789,17,10,9,1,52,0,60,48
790,17,11,0,1,87,1,60,90
791,17,11,1,1,93,1,60,90
792,17,11,2,1,96,1,60,90
793,17,11,3,0,57,1,60,90
794,17,11,4,1,82,0,60,90
795,17,12,0,0,53,1,60,30
796,17,12,1,0,58,1,60,30
797,17,12,2,1,45,1,60,30
798,17,12,3,0,61,1,60,30
799,17,12,4,1,24,0,60,30
800,17,12,5,0,61,0,60,30
801,17,12,6,0,58,0,60,30
802,17,12,7,0,55,0,60,30
803,17,12,8,0,65,0,60,30
804,17,12,9,0,62,0,60,30
805,17,13,0,0,37,1,40,70
806,17,13,1,0,49,1,40,70
807,17,13,2,1,69,1,40,70
808,17,13,3,0,41,1,40,70
809,17,13,4,1,57,0,40,70
810,17,14,0,0,76,1,90,60
811,17,14,1,1,66,1,90,60
812,17,14,2,1,56,1,90,60
813,17,14,3,0,97,1,90,60
814,17,14,4,0,86,0,90,60
815,17,14,5,0,88,0,90,60
816,17,14,6,0,100,0,90,60
817,17,14,7,0,90,0,90,60
818,17,14,8,0,79,0,90,60
819,17,14,9,0,95,0,90,60
820,17,15,0,1,36,1,40,32
821,17,15,1,0,53,1,40,32
822,17,15,2,0,25,1,40,32
823,17,15,3,1,31,1,40,32
824,17,15,4,0,23,0,40,32
825,17,16,0,1,66,1,56,60
826,17,16,1,0,60,1,56,60
827,17,16,2,1,54,1,56,60
828,17,16,3,0,66,1,56,60
829,17,16,4,1,54,0,56,60
830,17,17,0,0,31,1,40,52
831,17,17,1,1,60,1,40,52
832,17,17,2,0,45,1,40,52
833,17,17,3,1,52,1,40,52
834,17,17,4,1,59,0,40,52
835,17,17,5,1,51,0,40,52
836,17,17,6,1,26,0,40,52
837,17,17,7,1,49,0,40,52
838,17,17,8,1,61,0,40,52
839,17,17,9,1,49,0,40,52
840,17,18,0,1,18,1,40,10
841,17,18,1,1,5,1,40,10
842,17,18,2,0,45,1,40,10
843,17,18,3,0,42,1,40,10
844,17,18,4,0,35,0,40,10
845,17,18,5,0,52,0,40,10
846,17,18,6,0,45,0,40,10
847,17,18,7,0,49,0,40,10
848,17,18,8,0,42,0,40,10
849,17,18,9,0,38,0,40,10
850,17,19,0,0,80,1,90,60
851,17,19,1,0,87,1,90,60
852,17,19,2,0,87,1,90,60
853,17,19,3,1,54,1,90,60
854,17,19,4,0,87,0,90,60
855,17,19,5,0,97,0,90,60
856,17,19,6,0,84,0,90,60
857,17,19,7,0,83,0,90,60
858,17,19,8,0,83,0,90,60
859,17,19,9,0,82,0,90,60
860,17,20,0,0,45,1,30,60
861,17,20,1,1,70,1,30,60
862,17,20,2,1,50,1,30,60
863,17,20,3,0,21,1,30,60
864,17,20,4,1,68,0,30,60
865,17,20,5,1,62,0,30,60
866,17,20,6,1,63,0,30,60
867,17,20,7,1,73,0,30,60
868,17,20,8,1,62,0,30,60
869,17,20,9,1,66,0,30,60
870,17,21,0,1,52,1,30,60
871,17,21,1,0,31,1,30,60
872,17,21,2,1,59,1,30,60
873,17,21,3,1,51,1,30,60
874,17,21,4,1,52,0,30,60
875,17,22,0,0,50,1,48,40
876,17,22,1,0,60,1,48,40
877,17,22,2,0,49,1,48,40
878,17,22,3,1,29,1,48,40
879,17,22,4,0,45,0,48,40
880,17,23,0,0,56,1,60,68
881,17,23,1,1,68,1,60,68
882,17,23,2,0,45,1,60,68
883,17,23,3,0,72,1,60,68
884,17,23,4,0,72,0,60,68
885,17,23,5,0,58,0,60,68
886,17,23,6,0,55,0,60,68
887,17,23,7,0,61,0,60,68
888,17,23,8,0,56,0,60,68
889,17,23,9,0,53,0,60,68
890,17,24,0,1,67,1,52,60
891,17,24,1,1,62,1,52,60
892,17,24,2,1,56,1,52,60
893,17,24,3,0,48,1,52,60
894,17,24,4,1,76,0,52,60
895,17,24,5,1,42,0,52,60
896,17,24,6,1,61,0,52,60
897,17,24,7,1,61,0,52,60
898,17,24,8,1,56,0,52,60
899,17,24,9,1,71,0,52,60
900,17,25,0,1,59,1,64,60
901,17,25,1,1,65,1,64,60
902,17,25,2,1,64,1,64,60
903,17,25,3,0,63,1,64,60
904,17,25,4,1,68,0,64,60
905,17,25,5,1,59,0,64,60
906,17,25,6,1,59,0,64,60
907,17,25,7,1,76,0,64,60
908,17,25,8,1,37,0,64,60
909,17,25,9,1,55,0,64,60
910,17,26,0,0,95,1,90,60
911,17,26,1,1,56,1,90,60
912,17,26,2,0,86,1,90,60
913,17,26,3,1,68,1,90,60
914,17,26,4,0,98,0,90,60
915,17,26,5,0,97,0,90,60
916,17,26,6,0,95,0,90,60
917,17,26,7,0,95,0,90,60
918,17,26,8,0,84,0,90,60
919,17,26,9,0,87,0,90,60
920,17,27,0,0,51,1,30,60
921,17,27,1,0,21,1,30,60
922,17,27,2,1,50,1,30,60
923,17,27,3,1,58,1,30,60
924,17,27,4,1,65,0,30,60
925,17,27,5,1,59,0,30,60
926,17,27,6,1,75,0,30,60
927,17,27,7,1,54,0,30,60
928,17,27,8,1,64,0,30,60
929,17,27,9,1,68,0,30,60
930,17,28,0,0,21,1,20,40
931,17,28,1,0,17,1,20,40
932,17,28,2,1,43,1,20,40
933,17,28,3,1,34,1,20,40
934,17,28,4,1,55,0,20,40
935,17,29,0,1,64,1,68,60
936,17,29,1,0,65,1,68,60
937,17,29,2,1,53,1,68,60
938,17,29,3,0,76,1,68,60
939,17,29,4,0,81,0,68,60
940,17,30,0,1,53,1,60,68
941,17,30,1,0,59,1,60,68
942,17,30,2,0,50,1,60,68
943,17,30,3,1,64,1,60,68
944,17,30,4,1,65,0,60,68
945,17,31,0,0,54,1,60,52
946,17,31,1,0,64,1,60,52
947,17,31,2,1,49,1,60,52
948,17,31,3,0,62,1,60,52
949,17,31,4,1,44,0,60,52
950,17,31,5,0,56,0,60,52
951,17,31,6,0,52,0,60,52
952,17,31,7,0,42,0,60,52
953,17,31,8,0,55,0,60,52
954,17,31,9,0,57,0,60,52
955,17,32,0,1,56,1,10,40
956,17,32,1,0,1,1,10,40
957,17,32,2,1,48,1,10,40
958,17,32,3,0,12,1,10,40
959,17,32,4,1,40,0,10,40
960,17,33,0,1,31,1,40,44
961,17,33,1,1,49,1,40,44
962,17,33,2,0,22,1,40,44
963,17,33,3,1,45,1,40,44
964,17,33,4,1,41,0,40,44
965,17,33,5,1,30,0,40,44
966,17,33,6,1,47,0,40,44
967,17,33,7,1,37,0,40,44
968,17,33,8,1,27,0,40,44
969,17,33,9,1,49,0,40,44
970,17,34,0,1,100,1,60,90
971,17,34,1,0,49,1,60,90
972,17,34,2,0,54,1,60,90
973,17,34,3,0,56,1,60,90
974,17,34,4,1,93,0,60,90
975,17,34,5,1,96,0,60,90
976,17,34,6,1,86,0,60,90
977,17,34,7,1,89,0,60,90
978,17,34,8,1,91,0,60,90
979,17,34,9,1,81,0,60,90
980,17,35,0,0,52,1,60,48
981,17,35,1,1,56,1,60,48
982,17,35,2,0,75,1,60,48
983,17,35,3,1,54,1,60,48
984,17,35,4,0,69,0,60,48
985,17,36,0,1,48,1,60,56
986,17,36,1,1,53,1,60,56
987,17,36,2,1,54,1,60,56
988,17,36,3,0,59,1,60,56
989,17,36,4,0,65,0,60,56
990,17,37,0,1,41,1,36,40
991,17,37,1,1,40,1,36,40
992,17,37,2,0,31,1,36,40
993,17,37,3,0,47,1,36,40
994,17,37,4,1,37,0,36,40
995,17,37,5,0,33,0,36,40
996,17,37,6,1,43,0,36,40
997,17,37,7,1,34,0,36,40
998,17,37,8,1,41,0,36,40
999,17,37,9,1,55,0,36,40
1000,17,38,0,0,57,1,52,60
1001,17,38,1,1,66,1,52,60
1002,17,38,2,0,48,1,52,60
1003,17,38,3,1,63,1,52,60
1004,17,38,4,1,42,0,52,60
1005,17,38,5,1,55,0,52,60
1006,17,38,6,1,64,0,52,60
1007,17,38,7,1,69,0,52,60
1008,17,38,8,1,57,0,52,60
1009,17,38,9,1,54,0,52,60
1010,17,39,0,1,46,1,60,40
1011,17,39,1,1,47,1,60,40
1012,17,39,2,1,33,1,60,40
1013,17,39,3,0,64,1,60,40
1014,17,39,4,0,56,0,60,40
1015,17,39,5,0,56,0,60,40
1016,17,39,6,0,53,0,60,40
1017,17,39,7,0,74,0,60,40
1018,17,39,8,0,53,0,60,40
1019,17,39,9,0,69,0,60,40
1020,17,40,0,0,28,1,20,40
1021,17,40,1,1,56,1,20,40
1022,17,40,2,1,31,1,20,40
1023,17,40,3,1,39,1,20,40
1024,17,40,4,0,12,0,20,40
1025,17,40,5,1,29,0,20,40
1026,17,40,6,1,50,0,20,40
1027,17,40,7,1,40,0,20,40
1028,17,40,8,1,42,0,20,40
1029,17,40,9,1,37,0,20,40
1030,17,41,0,1,20,1,40,10
1031,17,41,1,0,41,1,40,10
1032,17,41,2,1,16,1,40,10
1033,17,41,3,0,38,1,40,10
1034,17,41,4,0,45,0,40,10
1035,17,41,5,0,34,0,40,10
1036,17,41,6,0,42,0,40,10
1037,17,41,7,0,47,0,40,10
1038,17,41,8,0,32,0,40,10
1039,17,41,9,0,40,0,40,10
1040,17,42,0,1,54,1,40,60
1041,17,42,1,1,61,1,40,60
1042,17,42,2,0,44,1,40,60
1043,17,42,3,1,68,1,40,60
1044,17,42,4,1,54,0,40,60
1045,17,42,5,1,78,0,40,60
1046,17,42,6,1,60,0,40,60
1047,17,42,7,1,71,0,40,60
1048,17,42,8,1,59,0,40,60
1049,17,42,9,1,50,0,40,60
1050,17,43,0,0,48,1,60,56
1051,17,43,1,0,46,1,60,56
1052,17,43,2,1,66,1,60,56
1053,17,43,3,1,53,1,60,56
1054,17,43,4,1,61,0,60,56
1055,17,44,0,0,60,1,60,68
1056,17,44,1,1,70,1,60,68
1057,17,44,2,1,60,1,60,68
1058,17,44,3,1,60,1,60,68
1059,17,44,4,1,72,0,60,68
1060,17,45,0,0,50,1,48,40
1061,17,45,1,1,32,1,48,40
1062,17,45,2,1,47,1,48,40
1063,17,45,3,1,35,1,48,40
1064,17,45,4,0,48,0,48,40
1065,17,45,5,0,48,0,48,40
1066,17,45,6,0,38,0,48,40
1067,17,45,7,0,38,0,48,40
1068,17,45,8,0,47,0,48,40
1069,17,45,9,0,56,0,48,40
1070,17,46,0,0,26,1,40,20
1071,17,46,1,0,36,1,40,20
1072,17,46,2,1,17,1,40,20
1073,17,46,3,1,27,1,40,20
1074,17,46,4,0,57,0,40,20
1075,17,46,5,0,41,0,40,20
1076,17,46,6,0,39,0,40,20
1077,17,46,7,0,55,0,40,20
1078,17,46,8,0,49,0,40,20
1079,17,46,9,0,44,0,40,20
1080,17,47,0,1,26,1,40,36
1081,17,47,1,0,33,1,40,36
1082,17,47,2,1,52,1,40,36
1083,17,47,3,0,42,1,40,36
1084,17,47,4,1,30,0,40,36
1085,17,47,5,1,32,0,40,36
1086,17,47,6,1,33,0,40,36
1087,17,47,7,1,27,0,40,36
1088,17,47,8,1,28,0,40,36
1089,17,47,9,1,29,0,40,36
1090,17,48,0,0,68,1,60,48
1091,17,48,1,1,40,1,60,48
1092,17,48,2,1,44,1,60,48
1093,17,48,3,0,60,1,60,48
1094,17,48,4,0,60,0,60,48
1095,17,49,0,1,91,1,60,90
1096,17,49,1,0,54,1,60,90
1097,17,49,2,1,79,1,60,90
1098,17,49,3,0,43,1,60,90
1099,17,49,4,1,98,0,60,90
1100,17,50,0,0,68,1,60,64
1101,17,50,1,1,52,1,60,64
1102,17,50,2,0,61,1,60,64
1103,17,50,3,1,68,1,60,64
1104,17,50,4,0,65,0,60,64
1105,17,50,5,0,65,0,60,64
1106,17,50,6,0,49,0,60,64
1107,17,50,7,0,69,0,60,64
1108,17,50,8,0,63,0,60,64
1109,17,50,9,0,75,0,60,64
1110,17,51,0,1,48,1,40,48
1111,17,51,1,0,35,1,40,48
1112,17,51,2,0,34,1,40,48
1113,17,51,3,1,41,1,40,48
1114,17,51,4,1,40,0,40,48
1115,17,52,0,0,46,1,40,28
1116,17,52,1,0,41,1,40,28
1117,17,52,2,0,43,1,40,28
1118,17,52,3,1,25,1,40,28
1119,17,52,4,0,43,0,40,28
1120,17,52,5,0,35,0,40,28
1121,17,52,6,0,36,0,40,28
1122,17,52,7,0,27,0,40,28
1123,17,52,8,0,41,0,40,28
1124,17,52,9,0,43,0,40,28
1125,17,53,0,0,77,1,80,60
1126,17,53,1,0,85,1,80,60
1127,17,53,2,1,58,1,80,60
1128,17,53,3,0,89,1,80,60
1129,17,53,4,0,91,0,80,60
1130,17,53,5,0,85,0,80,60
1131,17,53,6,0,94,0,80,60
1132,17,53,7,0,85,0,80,60
1133,17,53,8,0,78,0,80,60
1134,17,53,9,0,79,0,80,60
1135,17,54,0,1,56,1,72,60
1136,17,54,1,0,72,1,72,60
1137,17,54,2,1,55,1,72,60
1138,17,54,3,0,89,1,72,60
1139,17,54,4,0,92,0,72,60
1140,17,54,5,0,73,0,72,60
1141,17,54,6,0,71,0,72,60
1142,17,54,7,0,77,0,72,60
1143,17,54,8,0,68,0,72,60
1144,17,54,9,0,75,0,72,60
1145,17,55,0,1,59,1,64,60
1146,17,55,1,0,64,1,64,60
1147,17,55,2,0,81,1,64,60
1148,17,55,3,1,64,1,64,60
1149,17,55,4,0,62,0,64,60
1150,17,55,5,0,55,0,64,60
1151,17,55,6,0,66,0,64,60
1152,17,55,7,0,63,0,64,60
1153,17,55,8,0,57,0,64,60
1154,17,55,9,0,72,0,64,60
1155,17,56,0,1,33,1,48,40
1156,17,56,1,1,35,1,48,40
1157,17,56,2,0,47,1,48,40
1158,17,56,3,0,38,1,48,40
1159,17,56,4,1,42,0,48,40
1160,17,56,5,1,27,0,48,40
1161,17,56,6,1,42,0,48,40
1162,17,56,7,1,48,0,48,40
1163,17,56,8,1,32,0,48,40
1164,17,56,9,1,36,0,48,40
1165,17,57,0,0,44,1,40,32
1166,17,57,1,0,31,1,40,32
1167,17,57,2,0,46,1,40,32
1168,17,57,3,1,19,1,40,32
1169,17,57,4,0,48,0,40,32
1170,17,58,0,1,43,1,28,40
1171,17,58,1,0,33,1,28,40
1172,17,58,2,1,44,1,28,40
1173,17,58,3,0,39,1,28,40
1174,17,58,4,1,45,0,28,40
1175,17,58,5,1,46,0,28,40
1176,17,58,6,1,56,0,28,40
1177,17,58,7,1,56,0,28,40
1178,17,58,8,1,43,0,28,40
1179,17,58,9,1,39,0,28,40
1180,17,59,0,0,36,1,40,48
1181,17,59,1,0,32,1,40,48
1182,17,59,2,1,35,1,40,48
1183,17,59,3,1,49,1,40,48
1184,17,59,4,1,57,0,40,48
1185,17,59,5,1,50,0,40,48
1186,17,59,6,1,43,0,40,48
1187,17,59,7,1,55,0,40,48
1188,17,59,8,1,58,0,40,48
1189,17,59,9,1,54,0,40,48
1190,17,60,0,0,38,1,40,36
1191,17,60,1,1,48,1,40,36
1192,17,60,2,0,48,1,40,36
1193,17,60,3,1,40,1,40,36
1194,17,60,4,0,48,0,40,36
1195,17,61,0,0,51,1,40,20
1196,17,61,1,1,32,1,40,20
1197,17,61,2,0,44,1,40,20
1198,17,61,3,1,21,1,40,20
1199,17,61,4,0,28,0,40,20
1200,17,61,5,0,48,0,40,20
1201,17,61,6,0,36,0,40,20
1202,17,61,7,0,33,0,40,20
1203,17,61,8,0,36,0,40,20
1204,17,61,9,0,47,0,40,20
1205,17,62,0,1,58,1,48,60
1206,17,62,1,1,55,1,48,60
1207,17,62,2,1,61,1,48,60
1208,17,62,3,0,47,1,48,60
1209,17,62,4,1,64,0,48,60
1210,17,63,0,0,82,1,68,60
1211,17,63,1,0,64,1,68,60
1212,17,63,2,1,58,1,68,60
1213,17,63,3,0,71,1,68,60
1214,17,63,4,0,64,0,68,60
1215,17,64,0,1,52,1,10,40
1216,17,64,1,0,1,1,10,40
1217,17,64,2,1,35,1,10,40
1218,17,64,3,1,45,1,10,40
1219,17,64,4,1,38,0,10,40
1220,17,65,0,0,69,1,60,80
1221,17,65,1,1,75,1,60,80
1222,17,65,2,0,67,1,60,80
1223,17,65,3,0,52,1,60,80
1224,17,65,4,1,82,0,60,80
1225,17,65,5,1,77,0,60,80
1226,17,65,6,1,80,0,60,80
1227,17,65,7,1,83,0,60,80
1228,17,65,8,1,96,0,60,80
1229,17,65,9,1,80,0,60,80
1230,17,66,0,0,55,1,40,28
1231,17,66,1,1,30,1,40,28
1232,17,66,2,0,39,1,40,28
1233,17,66,3,0,26,1,40,28
1234,17,66,4,0,54,0,40,28
1235,17,67,0,0,57,1,60,90
1236,17,67,1,1,88,1,60,90
1237,17,67,2,1,87,1,60,90
1238,17,67,3,0,57,1,60,90
1239,17,67,4,1,94,0,60,90
1240,17,67,5,1,91,0,60,90
1241,17,67,6,1,86,0,60,90
1242,17,67,7,1,96,0,60,90
1243,17,67,8,1,99,0,60,90
1244,17,67,9,1,96,0,60,90
1245,17,68,0,0,42,1,48,60
1246,17,68,1,1,62,1,48,60
1247,17,68,2,0,53,1,48,60
1248,17,68,3,1,66,1,48,60
1249,17,68,4,1,50,0,48,60
1250,17,69,0,0,42,1,36,40
1251,17,69,1,0,41,1,36,40
1252,17,69,2,1,53,1,36,40
1253,17,69,3,1,36,1,36,40
1254,17,69,4,0,34,0,36,40
1255,17,69,5,0,37,0,36,40
1256,17,69,6,0,40,0,36,40
1257,17,69,7,0,35,0,36,40
1258,17,69,8,0,41,0,36,40
1259,17,69,9,0,31,0,36,40
1260,17,70,0,1,59,1,48,60
1261,17,70,1,0,48,1,48,60
1262,17,70,2,0,45,1,48,60
1263,17,70,3,0,46,1,48,60
1264,17,70,4,1,53,0,48,60
1265,17,70,5,1,68,0,48,60
1266,17,70,6,1,60,0,48,60
1267,17,70,7,1,71,0,48,60
1268,17,70,8,1,68,0,48,60
1269,17,70,9,1,79,0,48,60
1270,17,71,0,0,40,1,44,40
1271,17,71,1,1,35,1,44,40
1272,17,71,2,0,53,1,44,40
1273,17,71,3,0,44,1,44,40
1274,17,71,4,0,58,0,44,40
1275,17,72,0,1,57,1,48,60
1276,17,72,1,0,34,1,48,60
1277,17,72,2,1,84,1,48,60
1278,17,72,3,0,49,1,48,60
1279,17,72,4,1,36,0,48,60
1280,17,73,0,0,61,1,64,60
1281,17,73,1,0,81,1,64,60
1282,17,73,2,0,52,1,64,60
1283,17,73,3,1,61,1,64,60
1284,17,73,4,0,58,0,64,60
1285,17,74,0,1,51,1,30,60
1286,17,74,1,0,51,1,30,60
1287,17,74,2,1,55,1,30,60
1288,17,74,3,1,57,1,30,60
1289,17,74,4,0,35,0,30,60
1290,17,74,5,1,73,0,30,60
1291,17,74,6,1,71,0,30,60
1292,17,74,7,1,60,0,30,60
1293,17,74,8,1,61,0,30,60
1294,17,74,9,1,57,0,30,60
1295,17,75,0,0,29,1,28,40
1296,17,75,1,0,23,1,28,40
1297,17,75,2,1,23,1,28,40
1298,17,75,3,1,30,1,28,40
1299,17,75,4,0,29,0,28,40
1300,17,75,5,0,38,0,28,40
1301,17,75,6,0,30,0,28,40
1302,17,75,7,0,35,0,28,40
1303,17,75,8,0,35,0,28,40
1304,17,75,9,0,24,0,28,40
1305,17,76,0,1,41,1,60,48
1306,17,76,1,0,63,1,60,48
1307,17,76,2,0,66,1,60,48
1308,17,76,3,0,54,1,60,48
1309,17,76,4,0,54,0,60,48
1310,17,77,0,1,21,1,60,30
1311,17,77,1,0,53,1,60,30
1312,17,77,2,0,58,1,60,30
1313,17,77,3,1,25,1,60,30
1314,17,77,4,0,71,0,60,30
1315,17,77,5,0,73,0,60,30
1316,17,77,6,0,57,0,60,30
1317,17,77,7,0,62,0,60,30
1318,17,77,8,0,70,0,60,30
1319,17,77,9,0,55,0,60,30
1320,17,78,0,1,69,1,60,56
1321,17,78,1,0,69,1,60,56
1322,17,78,2,1,57,1,60,56
1323,17,78,3,0,66,1,60,56
1324,17,78,4,0,63,0,60,56
1325,17,79,0,0,58,1,48,40
1326,17,79,1,0,49,1,48,40
1327,17,79,2,1,43,1,48,40
1328,17,79,3,1,41,1,48,40
1329,17,79,4,0,54,0,48,40
1330,17,79,5,0,61,0,48,40
1331,17,79,6,0,49,0,48,40
1332,17,79,7,0,28,0,48,40
1333,17,79,8,0,44,0,48,40
1334,17,79,9,0,50,0,48,40
1335,17,80,0,1,66,1,72,60
1336,17,80,1,0,65,1,72,60
1337,17,80,2,1,57,1,72,60
1338,17,80,3,1,61,1,72,60
1339,17,80,4,1,55,0,72,60
1340,17,81,0,0,45,1,56,60
1341,17,81,1,1,63,1,56,60
1342,17,81,2,1,64,1,56,60
1343,17,81,3,0,53,1,56,60
1344,17,81,4,1,63,0,56,60
1345,17,82,0,0,53,1,60,64
1346,17,82,1,0,59,1,60,64
1347,17,82,2,0,54,1,60,64
1348,17,82,3,1,76,1,60,64
1349,17,82,4,1,53,0,60,64
1350,17,83,0,1,54,1,60,48
1351,17,83,1,1,40,1,60,48
1352,17,83,2,0,67,1,60,48
1353,17,83,3,0,66,1,60,48
1354,17,83,4,0,64,0,60,48
1355,17,83,5,0,54,0,60,48
1356,17,83,6,0,48,0,60,48
1357,17,83,7,0,74,0,60,48
1358,17,83,8,0,42,0,60,48
1359,17,83,9,0,59,0,60,48
1360,17,84,0,1,46,1,36,40
1361,17,84,1,1,42,1,36,40
1362,17,84,2,0,34,1,36,40
1363,17,84,3,0,52,1,36,40
1364,17,84,4,1,33,0,36,40
1365,17,85,0,0,57,1,44,40
1366,17,85,1,1,43,1,44,40
1367,17,85,2,0,51,1,44,40
1368,17,85,3,1,54,1,44,40
1369,17,85,4,0,44,0,44,40
1370,17,86,0,1,69,1,48,60
1371,17,86,1,0,46,1,48,60
1372,17,86,2,1,53,1,48,60
1373,17,86,3,0,47,1,48,60
1374,17,86,4,1,77,0,48,60
1375,17,86,5,1,52,0,48,60
1376,17,86,6,1,53,0,48,60
1377,17,86,7,1,66,0,48,60
1378,17,86,8,1,47,0,48,60
1379,17,86,9,1,52,0,48,60
1380,17,87,0,0,28,1,40,70
1381,17,87,1,0,47,1,40,70
1382,17,87,2,1,61,1,40,70
1383,17,87,3,0,48,1,40,70
1384,17,87,4,1,60,0,40,70
1385,17,87,5,1,81,0,40,70
1386,17,87,6,1,64,0,40,70
1387,17,87,7,1,58,0,40,70
1388,17,87,8,1,66,0,40,70
1389,17,87,9,1,68,0,40,70
1390,17,88,0,1,75,1,60,68
1391,17,88,1,0,59,1,60,68
1392,17,88,2,0,68,1,60,68
1393,17,88,3,1,76,1,60,68
1394,17,88,4,1,65,0,60,68
1395,17,88,5,1,50,0,60,68
1396,17,88,6,1,70,0,60,68
1397,17,88,7,1,58,0,60,68
1398,17,88,8,1,65,0,60,68
1399,17,88,9,1,68,0,60,68
1400,17,89,0,0,60,1,60,40
1401,17,89,1,1,38,1,60,40
1402,17,89,2,0,66,1,60,40
1403,17,89,3,1,52,1,60,40
1404,17,89,4,0,54,0,60,40
1405,17,89,5,0,40,0,60,40
1406,17,89,6,0,63,0,60,40
1407,17,89,7,0,50,0,60,40
1408,17,89,8,0,58,0,60,40
1409,17,89,9,0,54,0,60,40
1410,17,90,0,1,40,1,44,40
1411,17,90,1,1,51,1,44,40
1412,17,90,2,0,47,1,44,40
1413,17,90,3,1,41,1,44,40
1414,17,90,4,0,52,0,44,40
1415,17,90,5,0,64,0,44,40
1416,17,90,6,0,36,0,44,40
1417,17,90,7,0,42,0,44,40
1418,17,90,8,0,47,0,44,40
1419,17,90,9,0,52,0,44,40
1420,17,91,0,0,61,1,60,64
1421,17,91,1,1,67,1,60,64
1422,17,91,2,1,53,1,60,64
1423,17,91,3,1,64,1,60,64
1424,17,91,4,1,66,0,60,64
1425,17,92,0,0,52,1,60,72
1426,17,92,1,1,81,1,60,72
1427,17,92,2,1,80,1,60,72
1428,17,92,3,1,81,1,60,72
1429,17,92,4,1,67,0,60,72
1430,17,93,0,0,52,1,40,10
1431,17,93,1,0,40,1,40,10
1432,17,93,2,1,14,1,40,10
1433,17,93,3,0,18,1,40,10
1434,17,93,4,0,26,0,40,10
1435,17,94,0,0,56,1,52,40
1436,17,94,1,1,34,1,52,40
1437,17,94,2,0,36,1,52,40
1438,17,94,3,0,48,1,52,40
1439,17,94,4,1,37,0,52,40
1440,17,94,5,0,41,0,52,40
1441,17,94,6,0,46,0,52,40
1442,17,94,7,0,52,0,52,40
1443,17,94,8,0,49,0,52,40
1444,17,94,9,0,58,0,52,40
1445,17,95,0,0,100,1,90,60
1446,17,95,1,1,63,1,90,60
1447,17,95,2,0,95,1,90,60
1448,17,95,3,1,62,1,90,60
1449,17,95,4,0,93,0,90,60
1450,17,96,0,1,55,1,60,64
1451,17,96,1,0,50,1,60,64
1452,17,96,2,0,71,1,60,64
1453,17,96,3,1,64,1,60,64
1454,17,96,4,0,64,0,60,64
1455,17,96,5,0,73,0,60,64
1456,17,96,6,0,63,0,60,64
1457,17,96,7,0,51,0,60,64
1458,17,96,8,0,64,0,60,64
1459,17,96,9,0,71,0,60,64
1460,17,97,0,1,57,1,48,60
1461,17,97,1,1,48,1,48,60
1462,17,97,2,0,39,1,48,60
1463,17,97,3,0,61,1,48,60
1464,17,97,4,1,60,0,48,60
1465,17,97,5,1,50,0,48,60
1466,17,97,6,1,78,0,48,60
1467,17,97,7,1,74,0,48,60
1468,17,97,8,1,63,0,48,60
1469,17,97,9,1,55,0,48,60
1470,17,98,0,1,70,1,40,60
1471,17,98,1,1,59,1,40,60
1472,17,98,2,1,62,1,40,60
1473,17,98,3,0,47,1,40,60
1474,17,98,4,1,77,0,40,60
1475,17,99,0,0,35,1,40,44
1476,17,99,1,0,35,1,40,44
1477,17,99,2,1,46,1,40,44
1478,17,99,3,1,46,1,40,44
1479,17,99,4,1,47,0,40,44
1480,17,99,5,1,39,0,40,44
1481,17,99,6,1,48,0,40,44
1482,17,99,7,1,41,0,40,44
1483,17,99,8,1,48,0,40,44
1484,17,99,9,1,55,0,40,44
1485,20,0,0,1,56,1,48,60
1486,20,0,1,1,48,1,48,60
1487,20,0,2,0,57,1,48,60
1488,20,0,3,0,37,1,48,60
1489,20,0,4,1,66,0,48,60
1490,20,0,5,1,67,0,48,60
1491,20,0,6,1,41,0,48,60
1492,20,0,7,0,53,0,48,60
1493,20,0,8,1,47,0,48,60
1494,20,0,9,1,58,0,48,60
1495,20,1,0,1,29,1,36,40
1496,20,1,1,0,34,1,36,40
1497,20,1,2,1,32,1,36,40
1498,20,1,3,0,37,1,36,40
1499,20,1,4,0,27,0,36,40
1500,20,2,0,0,68,1,60,64
1501,20,2,1,1,66,1,60,64
1502,20,2,2,0,63,1,60,64
1503,20,2,3,1,63,1,60,64
1504,20,2,4,0,57,0,60,64
1505,20,2,5,0,57,0,60,64
1506,20,2,6,1,60,0,60,64
1507,20,2,7,0,69,0,60,64
1508,20,2,8,1,62,0,60,64
1509,20,2,9,0,54,0,60,64
1510,20,3,0,1,45,1,40,48
1511,20,3,1,0,49,1,40,48
1512,20,3,2,1,49,1,40,48
1513,20,3,3,1,54,1,40,48
1514,20,3,4,1,44,0,40,48
1515,20,3,5,0,51,0,40,48
1516,20,3,6,0,56,0,40,48
1517,20,3,7,0,42,0,40,48
1518,20,3,8,0,44,0,40,48
1519,20,3,9,0,48,0,40,48
1520,20,4,0,0,52,1,60,52
1521,20,4,1,1,51,1,60,52
1522,20,4,2,0,49,1,60,52
1523,20,4,3,0,55,1,60,52
1524,20,4,4,1,54,0,60,52
1525,20,4,5,1,62,0,60,52
1526,20,4,6,1,58,0,60,52
1527,20,4,7,1,45,0,60,52
1528,20,4,8,1,50,0,60,52
1529,20,4,9,1,50,0,60,52
1530,20,5,0,1,60,1,90,60
1531,20,5,1,1,53,1,90,60
1532,20,5,2,0,91,1,90,60
1533,20,5,3,0,93,1,90,60
1534,20,5,4,0,97,0,90,60
1535,20,5,5,0,83,0,90,60
1536,20,5,6,0,91,0,90,60
1537,20,5,7,0,99,0,90,60
1538,20,5,8,0,87,0,90,60
1539,20,5,9,0,97,0,90,60
1540,20,6,0,0,69,1,68,60
1541,20,6,1,1,61,1,68,60
1542,20,6,2,1,47,1,68,60
1543,20,6,3,0,62,1,68,60
1544,20,6,4,0,75,0,68,60
1545,20,6,5,0,73,0,68,60
1546,20,6,6,0,65,0,68,60
1547,20,6,7,0,74,0,68,60
1548,20,6,8,0,65,0,68,60
1549,20,6,9,0,63,0,68,60
1550,20,7,0,1,72,1,52,60
1551,20,7,1,1,52,1,52,60
1552,20,7,2,1,67,1,52,60
1553,20,7,3,0,61,1,52,60
1554,20,7,4,1,59,0,52,60
1555,20,7,5,1,52,0,52,60
1556,20,7,6,1,66,0,52,60
1557,20,7,7,1,57,0,52,60
1558,20,7,8,1,58,0,52,60
1559,20,7,9,1,66,0,52,60
1560,20,8,0,1,63,1,72,60
1561,20,8,1,0,61,1,72,60
1562,20,8,2,0,68,1,72,60
1563,20,8,3,1,58,1,72,60
1564,20,8,4,1,70,0,72,60
1565,20,8,5,0,69,0,72,60
1566,20,8,6,1,56,0,72,60
1567,20,8,7,0,74,0,72,60
1568,20,8,8,1,65,0,72,60
1569,20,8,9,0,76,0,72,60
1570,20,9,0,1,59,1,60,56
1571,20,9,1,0,58,1,60,56
1572,20,9,2,1,50,1,60,56
1573,20,9,3,0,64,1,60,56
1574,20,9,4,0,59,0,60,56
1575,20,10,0,0,33,1,32,40
1576,20,10,1,1,23,1,32,40
1577,20,10,2,1,39,1,32,40
1578,20,10,3,0,36,1,32,40
1579,20,10,4,1,39,0,32,40
1580,20,11,0,1,47,1,40,48
1581,20,11,1,0,33,1,40,48
1582,20,11,2,0,52,1,40,48
1583,20,11,3,1,55,1,40,48
1584,20,11,4,1,48,0,40,48
1585,20,12,0,1,62,1,80,60
1586,20,12,1,1,77,1,80,60
1587,20,12,2,1,62,1,80,60
1588,20,12,3,0,74,1,80,60
1589,20,12,4,1,57,0,80,60
1590,20,13,0,0,79,1,60,52
1591,20,13,1,1,50,1,60,52
1592,20,13,2,1,50,1,60,52
1593,20,13,3,0,72,1,60,52
1594,20,13,4,0,74,0,60,52
1595,20,13,5,0,68,0,60,52
1596,20,13,6,0,55,0,60,52
1597,20,13,7,0,56,0,60,52
1598,20,13,8,0,53,0,60,52
1599,20,13,9,0,71,0,60,52
1600,20,14,0,0,54,1,60,90
1601,20,14,1,1,77,1,60,90
1602,20,14,2,1,91,1,60,90
1603,20,14,3,0,60,1,60,90
1604,20,14,4,1,76,0,60,90
1605,20,14,5,1,94,0,60,90
1606,20,14,6,1,92,0,60,90
1607,20,14,7,1,83,0,60,90
1608,20,14,8,1,86,0,60,90
1609,20,14,9,1,85,0,60,90
1610,20,15,0,0,25,1,30,60
1611,20,15,1,0,18,1,30,60
1612,20,15,2,1,60,1,30,60
1613,20,15,3,0,27,1,30,60
1614,20,15,4,1,55,0,30,60
1615,20,15,5,1,74,0,30,60
1616,20,15,6,1,47,0,30,60
1617,20,15,7,1,55,0,30,60
1618,20,15,8,1,61,0,30,60
1619,20,15,9,1,61,0,30,60
1620,20,16,0,1,75,1,60,72
1621,20,16,1,0,65,1,60,72
1622,20,16,2,0,58,1,60,72
1623,20,16,3,1,69,1,60,72
1624,20,16,4,1,77,0,60,72
1625,20,17,0,1,53,1,48,60
1626,20,17,1,0,37,1,48,60
1627,20,17,2,0,50,1,48,60
1628,20,17,3,0,60,1,48,60
1629,20,17,4,1,69,0,48,60
1630,20,17,5,1,65,0,48,60
1631,20,17,6,1,64,0,48,60
1632,20,17,7,1,58,0,48,60
1633,20,17,8,1,76,0,48,60
1634,20,17,9,1,50,0,48,60
1635,20,18,0,0,59,1,70,40
1636,20,18,1,0,68,1,70,40
1637,20,18,2,0,77,1,70,40
1638,20,18,3,1,33,1,70,40
1639,20,18,4,0,58,0,70,40
1640,20,19,0,1,39,1,20,40
1641,20,19,1,0,29,1,20,40
1642,20,19,2,0,30,1,20,40
1643,20,19,3,0,25,1,20,40
1644,20,19,4,1,39,0,20,40
1645,20,20,0,1,64,1,52,60
1646,20,20,1,1,54,1,52,60
1647,20,20,2,0,25,1,52,60
1648,20,20,3,0,67,1,52,60
1649,20,20,4,0,63,0,52,60
1650,20,20,5,0,63,0,52,60
1651,20,20,6,1,61,0,52,60
1652,20,20,7,1,65,0,52,60
1653,20,20,8,1,57,0,52,60
1654,20,20,9,1,51,0,52,60
1655,20,21,0,0,33,1,40,60
1656,20,21,1,0,30,1,40,60
1657,20,21,2,0,34,1,40,60
1658,20,21,3,1,57,1,40,60
1659,20,21,4,1,58,0,40,60
1660,20,22,0,1,68,1,40,60
1661,20,22,1,0,36,1,40,60
1662,20,22,2,1,57,1,40,60
1663,20,22,3,0,36,1,40,60
1664,20,22,4,1,52,0,40,60
1665,20,23,0,0,42,1,52,40
1666,20,23,1,0,51,1,52,40
1667,20,23,2,1,37,1,52,40
1668,20,23,3,0,41,1,52,40
1669,20,23,4,1,24,0,52,40
1670,20,23,5,0,47,0,52,40
1671,20,23,6,0,63,0,52,40
1672,20,23,7,0,54,0,52,40
1673,20,23,8,0,50,0,52,40
1674,20,23,9,0,58,0,52,40
1675,20,24,0,1,94,1,60,90
1676,20,24,1,1,83,1,60,90
1677,20,24,2,0,62,1,60,90
1678,20,24,3,0,58,1,60,90
1679,20,24,4,1,82,0,60,90
1680,20,24,5,1,94,0,60,90
1681,20,24,6,1,99,0,60,90
1682,20,24,7,1,84,0,60,90
1683,20,24,8,1,94,0,60,90
1684,20,24,9,1,88,0,60,90
1685,20,25,0,1,71,1,60,68
1686,20,25,1,0,68,1,60,68
1687,20,25,2,0,66,1,60,68
1688,20,25,3,1,80,1,60,68
1689,20,25,4,0,68,0,60,68
1690,20,25,5,1,60,0,60,68
1691,20,25,6,1,58,0,60,68
1692,20,25,7,1,60,0,60,68
1693,20,25,8,1,70,0,60,68
1694,20,25,9,1,80,0,60,68
1695,20,26,0,1,31,1,40,36
1696,20,26,1,1,23,1,40,36
1697,20,26,2,0,22,1,40,36
1698,20,26,3,1,41,1,40,36
1699,20,26,4,1,37,0,40,36
1700,20,27,0,0,55,1,60,90
1701,20,27,1,0,67,1,60,90
1702,20,27,2,0,74,1,60,90
1703,20,27,3,1,97,1,60,90
1704,20,27,4,1,83,0,60,90
1705,20,27,5,1,90,0,60,90
1706,20,27,6,1,92,0,60,90
1707,20,27,7,1,78,0,60,90
1708,20,27,8,1,92,0,60,90
1709,20,27,9,1,99,0,60,90
1710,20,28,0,1,66,1,80,60
1711,20,28,1,0,73,1,80,60
1712,20,28,2,1,54,1,80,60
1713,20,28,3,0,93,1,80,60
1714,20,28,4,0,68,0,80,60
1715,20,29,0,0,53,1,60,64
1716,20,29,1,0,60,1,60,64
1717,20,29,2,1,70,1,60,64
1718,20,29,3,0,63,1,60,64
1719,20,29,4,1,54,0,60,64
1720,20,30,0,0,100,1,90,60
1721,20,30,1,0,74,1,90,60
1722,20,30,2,0,92,1,90,60
1723,20,30,3,1,55,1,90,60
1724,20,30,4,0,83,0,90,60
1725,20,30,5,0,100,0,90,60
1726,20,30,6,0,90,0,90,60
1727,20,30,7,0,97,0,90,60
1728,20,30,8,0,95,0,90,60
1729,20,30,9,0,89,0,90,60
1730,20,31,0,1,48,1,40,32
1731,20,31,1,0,42,1,40,32
1732,20,31,2,1,32,1,40,32
1733,20,31,3,1,34,1,40,32
1734,20,31,4,0,37,0,40,32
1735,20,31,5,1,49,0,40,32
1736,20,31,6,1,45,0,40,32
1737,20,31,7,1,29,0,40,32
1738,20,31,8,1,36,0,40,32
1739,20,31,9,1,27,0,40,32
1740,20,32,0,1,53,1,60,48
1741,20,32,1,0,63,1,60,48
1742,20,32,2,0,52,1,60,48
1743,20,32,3,1,41,1,60,48
1744,20,32,4,0,56,0,60,48
1745,20,32,5,0,65,0,60,48
1746,20,32,6,0,65,0,60,48
1747,20,32,7,0,50,0,60,48
1748,20,32,8,0,64,0,60,48
1749,20,32,9,0,63,0,60,48
1750,20,33,0,1,57,1,40,60
1751,20,33,1,1,56,1,40,60
1752,20,33,2,0,39,1,40,60
1753,20,33,3,1,70,1,40,60
1754,20,33,4,1,52,0,40,60
1755,20,33,5,1,51,0,40,60
1756,20,33,6,1,58,0,40,60
1757,20,33,7,1,50,0,40,60
1758,20,33,8,1,73,0,40,60
1759,20,33,9,1,43,0,40,60
1760,20,34,0,0,52,1,60,48
1761,20,34,1,1,62,1,60,48
1762,20,34,2,0,41,1,60,48
1763,20,34,3,1,33,1,60,48
1764,20,34,4,1,64,0,60,48
1765,20,35,0,1,55,1,40,60
1766,20,35,1,1,62,1,40,60
1767,20,35,2,1,54,1,40,60
1768,20,35,3,0,35,1,40,60
1769,20,35,4,1,62,0,40,60
1770,20,36,0,0,63,1,60,80
1771,20,36,1,1,75,1,60,80
1772,20,36,2,1,62,1,60,80
1773,20,36,3,0,72,1,60,80
1774,20,36,4,1,77,0,60,80
1775,20,36,5,1,78,0,60,80
1776,20,36,6,1,68,0,60,80
1777,20,36,7,1,75,0,60,80
1778,20,36,8,1,68,0,60,80
1779,20,36,9,1,78,0,60,80
1780,20,37,0,1,62,1,40,70
1781,20,37,1,0,34,1,40,70
1782,20,37,2,1,62,1,40,70
1783,20,37,3,0,38,1,40,70
1784,20,37,4,1,62,0,40,70
1785,20,37,5,1,55,0,40,70
1786,20,37,6,1,75,0,40,70
1787,20,37,7,1,75,0,40,70
1788,20,37,8,1,69,0,40,70
1789,20,37,9,1,64,0,40,70
1790,20,38,0,0,60,1,72,60
1791,20,38,1,0,81,1,72,60
1792,20,38,2,1,61,1,72,60
1793,20,38,3,1,73,1,72,60
1794,20,38,4,1,46,0,72,60
1795,20,38,5,0,83,0,72,60
1796,20,38,6,0,68,0,72,60
1797,20,38,7,0,67,0,72,60
1798,20,38,8,0,64,0,72,60
1799,20,38,9,0,65,0,72,60
1800,20,39,0,1,45,1,60,40
1801,20,39,1,0,63,1,60,40
1802,20,39,2,1,49,1,60,40
1803,20,39,3,0,69,1,60,40
1804,20,39,4,0,59,0,60,40
1805,20,40,0,1,48,1,20,40
1806,20,40,1,0,8,1,20,40
1807,20,40,2,0,37,1,20,40
1808,20,40,3,0,17,1,20,40
1809,20,40,4,1,53,0,20,40
1810,20,40,5,1,26,0,20,40
1811,20,40,6,1,20,0,20,40
1812,20,40,7,1,57,0,20,40
1813,20,40,8,1,46,0,20,40
1814,20,40,9,1,39,0,20,40
1815,20,41,0,0,79,1,72,60
1816,20,41,1,1,59,1,72,60
1817,20,41,2,1,48,1,72,60
1818,20,41,3,1,68,1,72,60
1819,20,41,4,0,76,0,72,60
1820,20,42,0,0,59,1,68,60
1821,20,42,1,0,68,1,68,60
1822,20,42,2,1,61,1,68,60
1823,20,42,3,0,70,1,68,60
1824,20,42,4,0,75,0,68,60
1825,20,43,0,0,53,1,56,60
1826,20,43,1,1,51,1,56,60
1827,20,43,2,0,65,1,56,60
1828,20,43,3,0,60,1,56,60
1829,20,43,4,1,88,0,56,60
1830,20,43,5,1,57,0,56,60
1831,20,43,6,1,59,0,56,60
1832,20,43,7,1,70,0,56,60
1833,20,43,8,1,70,0,56,60
1834,20,43,9,1,58,0,56,60
1835,20,44,0,1,29,1,60,30
1836,20,44,1,1,46,1,60,30
1837,20,44,2,0,54,1,60,30
1838,20,44,3,0,64,1,60,30
1839,20,44,4,0,59,0,60,30
1840,20,44,5,0,62,0,60,30
1841,20,44,6,0,68,0,60,30
1842,20,44,7,0,57,0,60,30
1843,20,44,8,0,57,0,60,30
1844,20,44,9,0,42,0,60,30
1845,20,45,0,1,45,1,70,40
1846,20,45,1,1,34,1,70,40
1847,20,45,2,1,35,1,70,40
1848,20,45,3,0,75,1,70,40
1849,20,45,4,0,54,0,70,40
1850,20,45,5,0,69,0,70,40
1851,20,45,6,0,64,0,70,40
1852,20,45,7,0,60,0,70,40
1853,20,45,8,0,71,0,70,40
1854,20,45,9,0,90,0,70,40
1855,20,46,0,0,54,1,56,60
1856,20,46,1,1,62,1,56,60
1857,20,46,2,1,65,1,56,60
1858,20,46,3,0,59,1,56,60
1859,20,46,4,1,55,0,56,60
1860,20,47,0,0,45,1,28,40
1861,20,47,1,1,53,1,28,40
1862,20,47,2,0,13,1,28,40
1863,20,47,3,0,37,1,28,40
1864,20,47,4,1,46,0,28,40
1865,20,47,5,1,41,0,28,40
1866,20,47,6,1,46,0,28,40
1867,20,47,7,1,40,0,28,40
1868,20,47,8,1,52,0,28,40
1869,20,47,9,1,43,0,28,40
1870,20,48,0,1,35,1,70,40
1871,20,48,1,0,64,1,70,40
1872,20,48,2,0,66,1,70,40
1873,20,48,3,1,37,1,70,40
1874,20,48,4,0,67,0,70,40
1875,20,49,0,1,91,1,60,90
1876,20,49,1,1,88,1,60,90
1877,20,49,2,0,63,1,60,90
1878,20,49,3,0,62,1,60,90
1879,20,49,4,1,98,0,60,90
1880,20,50,0,0,63,1,60,30
1881,20,50,1,1,35,1,60,30
1882,20,50,2,1,30,1,60,30
1883,20,50,3,0,49,1,60,30
1884,20,50,4,0,72,0,60,30
1885,20,50,5,0,62,0,60,30
1886,20,50,6,0,63,0,60,30
1887,20,50,7,0,60,0,60,30
1888,20,50,8,0,58,0,60,30
1889,20,50,9,0,42,0,60,30
1890,20,51,0,0,32,1,40,60
1891,20,51,1,0,37,1,40,60
1892,20,51,2,1,56,1,40,60
1893,20,51,3,0,35,1,40,60
1894,20,51,4,1,60,0,40,60
1895,20,51,5,1,58,0,40,60
1896,20,51,6,1,66,0,40,60
1897,20,51,7,1,57,0,40,60
1898,20,51,8,1,55,0,40,60
1899,20,51,9,1,67,0,40,60
1900,20,52,0,1,54,1,40,60
1901,20,52,1,0,49,1,40,60
1902,20,52,2,0,42,1,40,60
1903,20,52,3,1,56,1,40,60
1904,20,52,4,1,65,0,40,60
1905,20,53,0,0,72,1,60,52
1906,20,53,1,0,71,1,60,52
1907,20,53,2,0,52,1,60,52
1908,20,53,3,1,45,1,60,52
1909,20,53,4,0,44,0,60,52
1910,20,54,0,1,64,1,60,80
1911,20,54,1,0,73,1,60,80
1912,20,54,2,0,52,1,60,80
1913,20,54,3,1,78,1,60,80
1914,20,54,4,1,70,0,60,80
1915,20,54,5,0,55,0,60,80
1916,20,54,6,1,83,0,60,80
1917,20,54,7,1,81,0,60,80
1918,20,54,8,1,78,0,60,80
1919,20,54,9,1,92,0,60,80
1920,20,55,0,1,18,1,60,30
1921,20,55,1,0,60,1,60,30
1922,20,55,2,0,57,1,60,30
1923,20,55,3,0,50,1,60,30
1924,20,55,4,0,56,0,60,30
1925,20,56,0,0,31,1,44,40
1926,20,56,1,1,46,1,44,40
1927,20,56,2,1,35,1,44,40
1928,20,56,3,1,38,1,44,40
1929,20,56,4,1,39,0,44,40
1930,20,56,5,1,32,0,44,40
1931,20,56,6,1,32,0,44,40
1932,20,56,7,1,48,0,44,40
1933,20,56,8,1,49,0,44,40
1934,20,56,9,1,55,0,44,40
1935,20,57,0,0,40,1,40,60
1936,20,57,1,1,60,1,40,60
1937,20,57,2,0,36,1,40,60
1938,20,57,3,1,57,1,40,60
1939,20,57,4,1,51,0,40,60
1940,20,57,5,1,51,0,40,60
1941,20,57,6,1,55,0,40,60
1942,20,57,7,1,72,0,40,60
1943,20,57,8,1,64,0,40,60
1944,20,57,9,1,57,0,40,60
1945,20,58,0,0,27,1,40,48
1946,20,58,1,1,50,1,40,48
1947,20,58,2,1,50,1,40,48
1948,20,58,3,0,52,1,40,48
1949,20,58,4,0,45,0,40,48
1950,20,58,5,1,49,0,40,48
1951,20,58,6,1,54,0,40,48
1952,20,58,7,1,46,0,40,48
1953,20,58,8,1,49,0,40,48
1954,20,58,9,1,42,0,40,48
1955,20,59,0,1,49,1,60,40
1956,20,59,1,0,61,1,60,40
1957,20,59,2,0,64,1,60,40
1958,20,59,3,1,51,1,60,40
1959,20,59,4,0,55,0,60,40
1960,20,59,5,0,65,0,60,40
1961,20,59,6,0,53,0,60,40
1962,20,59,7,0,66,0,60,40
1963,20,59,8,0,55,0,60,40
1964,20,59,9,0,52,0,60,40
1965,20,60,0,0,57,1,64,60
1966,20,60,1,0,67,1,64,60
1967,20,60,2,1,64,1,64,60
1968,20,60,3,0,72,1,64,60
1969,20,60,4,1,68,0,64,60
1970,20,61,0,0,35,1,48,60
1971,20,61,1,1,58,1,48,60
1972,20,61,2,1,59,1,48,60
1973,20,61,3,1,79,1,48,60
1974,20,61,4,1,56,0,48,60
1975,20,62,0,0,61,1,60,48
1976,20,62,1,0,53,1,60,48
1977,20,62,2,0,58,1,60,48
1978,20,62,3,1,49,1,60,48
1979,20,62,4,0,50,0,60,48
1980,20,62,5,0,55,0,60,48
1981,20,62,6,0,76,0,60,48
1982,20,62,7,0,69,0,60,48
1983,20,62,8,0,59,0,60,48
1984,20,62,9,0,70,0,60,48
1985,20,63,0,1,46,1,72,60
1986,20,63,1,0,54,1,72,60
1987,20,63,2,0,72,1,72,60
1988,20,63,3,0,80,1,72,60
1989,20,63,4,0,66,0,72,60
1990,20,64,0,1,60,1,56,60
1991,20,64,1,0,59,1,56,60
1992,20,64,2,1,60,1,56,60
1993,20,64,3,0,50,1,56,60
1994,20,64,4,1,53,0,56,60
1995,20,64,5,1,57,0,56,60
1996,20,64,6,1,51,0,56,60
1997,20,64,7,1,49,0,56,60
1998,20,64,8,1,61,0,56,60
1999,20,64,9,1,71,0,56,60
2000,20,65,0,1,25,1,60,30
2001,20,65,1,0,79,1,60,30
2002,20,65,2,1,17,1,60,30
2003,20,65,3,1,28,1,60,30
2004,20,65,4,0,62,0,60,30
2005,20,65,5,0,64,0,60,30
2006,20,65,6,0,53,0,60,30
2007,20,65,7,0,59,0,60,30
2008,20,65,8,0,67,0,60,30
2009,20,65,9,0,74,0,60,30
2010,20,66,0,1,40,1,40,44
2011,20,66,1,0,42,1,40,44
2012,20,66,2,1,34,1,40,44
2013,20,66,3,1,51,1,40,44
2014,20,66,4,0,44,0,40,44
2015,20,66,5,0,41,0,40,44
2016,20,66,6,0,43,0,40,44
2017,20,66,7,0,33,0,40,44
2018,20,66,8,0,34,0,40,44
2019,20,66,9,0,52,0,40,44
2020,20,67,0,1,82,1,40,70
2021,20,67,1,1,82,1,40,70
2022,20,67,2,1,84,1,40,70
2023,20,67,3,0,35,1,40,70
2024,20,67,4,1,88,0,40,70
2025,20,67,5,1,55,0,40,70
2026,20,67,6,1,67,0,40,70
2027,20,67,7,1,63,0,40,70
2028,20,67,8,1,81,0,40,70
2029,20,67,9,1,64,0,40,70
2030,20,68,0,1,28,1,40,36
2031,20,68,1,1,37,1,40,36
2032,20,68,2,0,42,1,40,36
2033,20,68,3,0,33,1,40,36
2034,20,68,4,0,38,0,40,36
2035,20,68,5,0,45,0,40,36
2036,20,68,6,0,48,0,40,36
2037,20,68,7,0,34,0,40,36
2038,20,68,8,0,49,0,40,36
2039,20,68,9,0,36,0,40,36
2040,20,69,0,1,45,1,48,40
2041,20,69,1,0,53,1,48,40
2042,20,69,2,1,27,1,48,40
2043,20,69,3,0,46,1,48,40
2044,20,69,4,0,41,0,48,40
2045,20,69,5,0,57,0,48,40
2046,20,69,6,0,38,0,48,40
2047,20,69,7,0,53,0,48,40
2048,20,69,8,0,35,0,48,40
2049,20,69,9,0,55,0,48,40
2050,20,70,0,0,79,1,90,60
2051,20,70,1,0,95,1,90,60
2052,20,70,2,1,48,1,90,60
2053,20,70,3,0,67,1,90,60
2054,20,70,4,0,92,0,90,60
2055,20,71,0,1,76,1,60,64
2056,20,71,1,1,68,1,60,64
2057,20,71,2,1,66,1,60,64
2058,20,71,3,0,61,1,60,64
2059,20,71,4,1,57,0,60,64
2060,20,72,0,0,36,1,40,32
2061,20,72,1,0,53,1,40,32
2062,20,72,2,1,37,1,40,32
2063,20,72,3,1,24,1,40,32
2064,20,72,4,0,35,0,40,32
2065,20,73,0,0,43,1,40,52
2066,20,73,1,0,36,1,40,52
2067,20,73,2,1,58,1,40,52
2068,20,73,3,1,48,1,40,52
2069,20,73,4,0,35,0,40,52
2070,20,73,5,1,61,0,40,52
2071,20,73,6,1,47,0,40,52
2072,20,73,7,1,42,0,40,52
2073,20,73,8,1,51,0,40,52
2074,20,73,9,1,47,0,40,52
2075,20,74,0,0,49,1,40,32
2076,20,74,1,1,24,1,40,32
2077,20,74,2,0,42,1,40,32
2078,20,74,3,1,34,1,40,32
2079,20,74,4,0,38,0,40,32
2080,20,75,0,1,50,1,60,40
2081,20,75,1,1,37,1,60,40
2082,20,75,2,1,49,1,60,40
2083,20,75,3,0,60,1,60,40
2084,20,75,4,1,42,0,60,40
2085,20,75,5,0,72,0,60,40
2086,20,75,6,0,69,0,60,40
2087,20,75,7,0,58,0,60,40
2088,20,75,8,0,61,0,60,40
2089,20,75,9,0,51,0,60,40
2090,20,76,0,1,50,1,32,40
2091,20,76,1,1,45,1,32,40
2092,20,76,2,1,35,1,32,40
2093,20,76,3,0,30,1,32,40
2094,20,76,4,1,45,0,32,40
2095,20,76,5,1,33,0,32,40
2096,20,76,6,1,39,0,32,40
2097,20,76,7,1,48,0,32,40
2098,20,76,8,1,43,0,32,40
2099,20,76,9,1,32,0,32,40
2100,20,77,0,1,4,1,40,10
2101,20,77,1,0,36,1,40,10
2102,20,77,2,1,17,1,40,10
2103,20,77,3,1,1,1,40,10
2104,20,77,4,0,43,0,40,10
2105,20,77,5,0,37,0,40,10
2106,20,77,6,0,34,0,40,10
2107,20,77,7,0,21,0,40,10
2108,20,77,8,0,37,0,40,10
2109,20,77,9,0,42,0,40,10
2110,20,78,0,0,59,1,60,40
2111,20,78,1,1,46,1,60,40
2112,20,78,2,0,57,1,60,40
2113,20,78,3,1,41,1,60,40
2114,20,78,4,0,51,0,60,40
2115,20,79,0,0,55,1,60,56
2116,20,79,1,1,57,1,60,56
2117,20,79,2,0,51,1,60,56
2118,20,79,3,0,58,1,60,56
2119,20,79,4,1,36,0,60,56
2120,20,79,5,0,52,0,60,56
2121,20,79,6,0,62,0,60,56
2122,20,79,7,0,52,0,60,56
2123,20,79,8,0,52,0,60,56
2124,20,79,9,0,68,0,60,56
2125,20,80,0,1,61,1,72,60
2126,20,80,1,0,64,1,72,60
2127,20,80,2,1,68,1,72,60
2128,20,80,3,1,73,1,72,60
2129,20,80,4,0,75,0,72,60
2130,20,80,5,0,70,0,72,60
2131,20,80,6,0,71,0,72,60
2132,20,80,7,0,77,0,72,60
2133,20,80,8,0,65,0,72,60
2134,20,80,9,0,63,0,72,60
2135,20,81,0,0,85,1,64,60
2136,20,81,1,1,56,1,64,60
2137,20,81,2,1,50,1,64,60
2138,20,81,3,0,54,1,64,60
2139,20,81,4,0,65,0,64,60
2140,20,81,5,0,56,0,64,60
2141,20,81,6,0,63,0,64,60
2142,20,81,7,0,72,0,64,60
2143,20,81,8,0,70,0,64,60
2144,20,81,9,0,53,0,64,60
2145,20,82,0,0,53,1,52,40
2146,20,82,1,0,54,1,52,40
2147,20,82,2,1,50,1,52,40
2148,20,82,3,0,48,1,52,40
2149,20,82,4,0,67,0,52,40
2150,20,83,0,1,66,1,60,56
2151,20,83,1,0,61,1,60,56
2152,20,83,2,1,47,1,60,56
2153,20,83,3,1,50,1,60,56
2154,20,83,4,0,60,0,60,56
2155,20,84,0,1,45,1,36,40
2156,20,84,1,0,32,1,36,40
2157,20,84,2,0,34,1,36,40
2158,20,84,3,0,34,1,36,40
2159,20,84,4,1,31,0,36,40
2160,20,85,0,1,49,1,60,40
2161,20,85,1,0,70,1,60,40
2162,20,85,2,1,51,1,60,40
2163,20,85,3,0,62,1,60,40
2164,20,85,4,1,34,0,60,40
2165,20,85,5,0,60,0,60,40
2166,20,85,6,0,57,0,60,40
2167,20,85,7,0,62,0,60,40
2168,20,85,8,0,55,0,60,40
2169,20,85,9,0,57,0,60,40
2170,20,86,0,1,30,1,40,20
2171,20,86,1,1,11,1,40,20
2172,20,86,2,0,31,1,40,20
2173,20,86,3,1,24,1,40,20
2174,20,86,4,0,44,0,40,20
2175,20,86,5,0,47,0,40,20
2176,20,86,6,0,47,0,40,20
2177,20,86,7,0,34,0,40,20
2178,20,86,8,0,33,0,40,20
2179,20,86,9,0,30,0,40,20
2180,20,87,0,0,62,1,60,64
2181,20,87,1,1,73,1,60,64
2182,20,87,2,1,60,1,60,64
2183,20,87,3,0,50,1,60,64
2184,20,87,4,1,66,0,60,64
2185,20,88,0,0,46,1,28,40
2186,20,88,1,1,35,1,28,40
2187,20,88,2,0,25,1,28,40
2188,20,88,3,1,51,1,28,40
2189,20,88,4,1,44,0,28,40
2190,20,88,5,1,47,0,28,40
2191,20,88,6,1,38,0,28,40
2192,20,88,7,1,35,0,28,40
2193,20,88,8,1,44,0,28,40
2194,20,88,9,1,43,0,28,40
2195,20,89,0,0,46,1,60,72
2196,20,89,1,0,59,1,60,72
2197,20,89,2,1,64,1,60,72
2198,20,89,3,0,80,1,60,72
2199,20,89,4,0,64,0,60,72
2200,20,89,5,0,68,0,60,72
2201,20,89,6,0,65,0,60,72
2202,20,89,7,0,59,0,60,72
2203,20,89,8,0,58,0,60,72
2204,20,89,9,0,53,0,60,72
2205,20,90,0,1,56,1,52,60
2206,20,90,1,0,49,1,52,60
2207,20,90,2,1,64,1,52,60
2208,20,90,3,0,46,1,52,60
2209,20,90,4,1,55,0,52,60
2210,20,91,0,1,40,1,52,40
2211,20,91,1,1,36,1,52,40
2212,20,91,2,1,47,1,52,40
2213,20,91,3,0,51,1,52,40
2214,20,91,4,1,40,0,52,40
2215,20,91,5,0,42,0,52,40
2216,20,91,6,0,59,0,52,40
2217,20,91,7,0,54,0,52,40
2218,20,91,8,0,65,0,52,40
2219,20,91,9,0,57,0,52,40
2220,20,92,0,1,49,1,40,60
2221,20,92,1,1,56,1,40,60
2222,20,92,2,1,59,1,40,60
2223,20,92,3,0,55,1,40,60
2224,20,92,4,1,57,0,40,60
2225,20,92,5,1,65,0,40,60
2226,20,92,6,1,56,0,40,60
2227,20,92,7,1,54,0,40,60
2228,20,92,8,1,59,0,40,60
2229,20,92,9,1,75,0,40,60
2230,20,93,0,0,65,1,60,52
2231,20,93,1,1,57,1,60,52
2232,20,93,2,1,55,1,60,52
2233,20,93,3,1,56,1,60,52
2234,20,93,4,0,60,0,60,52
2235,20,94,0,1,47,1,64,60
2236,20,94,1,1,58,1,64,60
2237,20,94,2,0,61,1,64,60
2238,20,94,3,1,64,1,64,60
2239,20,94,4,0,65,0,64,60
2240,20,94,5,1,63,0,64,60
2241,20,94,6,0,54,0,64,60
2242,20,94,7,1,52,0,64,60
2243,20,94,8,1,58,0,64,60
2244,20,94,9,1,73,0,64,60
2245,20,95,0,1,41,1,32,40
2246,20,95,1,0,37,1,32,40
2247,20,95,2,0,19,1,32,40
2248,20,95,3,0,19,1,32,40
2249,20,95,4,1,38,0,32,40
2250,20,95,5,1,34,0,32,40
2251,20,95,6,1,34,0,32,40
2252,20,95,7,1,32,0,32,40
2253,20,95,8,1,37,0,32,40
2254,20,95,9,1,47,0,32,40
2255,20,96,0,0,88,1,90,60
2256,20,96,1,1,57,1,90,60
2257,20,96,2,1,57,1,90,60
2258,20,96,3,1,71,1,90,60
2259,20,96,4,0,77,0,90,60
2260,20,97,0,0,72,1,60,80
2261,20,97,1,1,92,1,60,80
2262,20,97,2,0,55,1,60,80
2263,20,97,3,1,80,1,60,80
2264,20,97,4,1,87,0,60,80
2265,20,98,0,1,65,1,20,40
2266,20,98,1,0,22,1,20,40
2267,20,98,2,1,40,1,20,40
2268,20,98,3,0,21,1,20,40
2269,20,98,4,1,38,0,20,40
2270,20,99,0,0,38,1,40,32
2271,20,99,1,1,22,1,40,32
2272,20,99,2,0,47,1,40,32
2273,20,99,3,1,21,1,40,32
2274,20,99,4,0,44,0,40,32
2275,20,99,5,0,29,0,40,32
2276,20,99,6,0,36,0,40,32
2277,20,99,7,0,41,0,40,32
2278,20,99,8,0,41,0,40,32
2279,20,99,9,0,49,0,40,32
2280,22,0,0,1,61,1,72,60
2281,22,0,1,1,56,1,72,60
2282,22,0,2,0,75,1,72,60
2283,22,0,3,1,55,1,72,60
2284,22,0,4,0,77,0,72,60
2285,22,0,5,1,74,0,72,60
2286,22,0,6,0,77,0,72,60
2287,22,0,7,1,51,0,72,60
2288,22,0,8,0,76,0,72,60
2289,22,0,9,1,55,0,72,60
2290,22,1,0,0,54,1,48,60
2291,22,1,1,1,42,1,48,60
2292,22,1,2,0,48,1,48,60
2293,22,1,3,0,43,1,48,60
2294,22,1,4,0,45,0,48,60
2295,22,1,5,1,65,0,48,60
2296,22,1,6,0,45,0,48,60
2297,22,1,7,1,47,0,48,60
2298,22,1,8,0,37,0,48,60
2299,22,1,9,1,67,0,48,60
2300,22,2,0,1,34,1,44,40
2301,22,2,1,0,46,1,44,40
2302,22,2,2,1,35,1,44,40
2303,22,2,3,0,43,1,44,40
2304,22,2,4,1,34,0,44,40
2305,22,3,0,0,38,1,40,20
2306,22,3,1,1,15,1,40,20
2307,22,3,2,1,20,1,40,20
2308,22,3,3,0,44,1,40,20
2309,22,3,4,0,48,0,40,20
2310,22,4,0,0,81,1,80,60
2311,22,4,1,0,87,1,80,60
2312,22,4,2,1,68,1,80,60
2313,22,4,3,1,65,1,80,60
2314,22,4,4,0,91,0,80,60
2315,22,5,0,1,74,1,60,72
2316,22,5,1,0,75,1,60,72
2317,22,5,2,1,63,1,60,72
2318,22,5,3,0,61,1,60,72
2319,22,5,4,1,72,0,60,72
2320,22,5,5,0,58,0,60,72
2321,22,5,6,1,74,0,60,72
2322,22,5,7,0,54,0,60,72
2323,22,5,8,1,81,0,60,72
2324,22,5,9,0,51,0,60,72
2325,22,6,0,0,56,1,60,52
2326,22,6,1,1,35,1,60,52
2327,22,6,2,0,64,1,60,52
2328,22,6,3,1,57,1,60,52
2329,22,6,4,0,65,0,60,52
2330,22,7,0,1,33,1,60,30
2331,22,7,1,0,75,1,60,30
2332,22,7,2,0,59,1,60,30
2333,22,7,3,1,26,1,60,30
2334,22,7,4,0,73,0,60,30
2335,22,7,5,1,31,0,60,30
2336,22,7,6,0,67,0,60,30
2337,22,7,7,1,33,0,60,30
2338,22,7,8,0,59,0,60,30
2339,22,7,9,1,33,0,60,30
2340,22,8,0,0,44,1,40,60
2341,22,8,1,0,31,1,40,60
2342,22,8,2,1,57,1,40,60
2343,22,8,3,1,77,1,40,60
2344,22,8,4,1,65,0,40,60
2345,22,9,0,0,45,1,40,20
2346,22,9,1,0,21,1,40,20
2347,22,9,2,1,17,1,40,20
2348,22,9,3,0,53,1,40,20
2349,22,9,4,1,21,0,40,20
2350,22,10,0,1,46,1,56,60
2351,22,10,1,0,63,1,56,60
2352,22,10,2,1,69,1,56,60
2353,22,10,3,0,65,1,56,60
2354,22,10,4,1,63,0,56,60
2355,22,11,0,0,39,1,60,52
2356,22,11,1,1,56,1,60,52
2357,22,11,2,0,71,1,60,52
2358,22,11,3,1,61,1,60,52
2359,22,11,4,0,50,0,60,52
2360,22,11,5,1,56,0,60,52
2361,22,11,6,0,62,0,60,52
2362,22,11,7,1,49,0,60,52
2363,22,11,8,0,69,0,60,52
2364,22,11,9,1,56,0,60,52
2365,22,12,0,1,20,1,60,30
2366,22,12,1,0,54,1,60,30
2367,22,12,2,1,28,1,60,30
2368,22,12,3,1,21,1,60,30
2369,22,12,4,0,65,0,60,30
2370,22,12,5,1,19,0,60,30
2371,22,12,6,0,57,0,60,30
2372,22,12,7,1,41,0,60,30
2373,22,12,8,0,62,0,60,30
2374,22,12,9,1,23,0,60,30
2375,22,13,0,0,28,1,28,40
2376,22,13,1,0,32,1,28,40
2377,22,13,2,0,14,1,28,40
2378,22,13,3,1,36,1,28,40
2379,22,13,4,1,48,0,28,40
2380,22,14,0,0,73,1,72,60
2381,22,14,1,0,71,1,72,60
2382,22,14,2,1,58,1,72,60
2383,22,14,3,0,69,1,72,60
2384,22,14,4,1,71,0,72,60
2385,22,14,5,0,78,0,72,60
2386,22,14,6,1,62,0,72,60
2387,22,14,7,0,78,0,72,60
2388,22,14,8,1,68,0,72,60
2389,22,14,9,0,79,0,72,60
2390,22,15,0,1,62,1,30,60
2391,22,15,1,1,63,1,30,60
2392,22,15,2,0,36,1,30,60
2393,22,15,3,1,69,1,30,60
2394,22,15,4,0,29,0,30,60
2395,22,16,0,1,86,1,60,90
2396,22,16,1,1,100,1,60,90
2397,22,16,2,1,83,1,60,90
2398,22,16,3,0,61,1,60,90
2399,22,16,4,0,74,0,60,90
2400,22,16,5,1,87,0,60,90
2401,22,16,6,0,56,0,60,90
2402,22,16,7,1,78,0,60,90
2403,22,16,8,0,71,0,60,90
2404,22,16,9,1,72,0,60,90
2405,22,17,0,1,33,1,40,32
2406,22,17,1,1,30,1,40,32
2407,22,17,2,0,39,1,40,32
2408,22,17,3,0,37,1,40,32
2409,22,17,4,0,37,0,40,32
2410,22,17,5,1,42,0,40,32
2411,22,17,6,0,26,0,40,32
2412,22,17,7,1,39,0,40,32
2413,22,17,8,0,39,0,40,32
2414,22,17,9,1,32,0,40,32
2415,22,18,0,0,28,1,32,40
2416,22,18,1,0,28,1,32,40
2417,22,18,2,0,33,1,32,40
2418,22,18,3,1,42,1,32,40
2419,22,18,4,1,28,0,32,40
2420,22,18,5,0,18,0,32,40
2421,22,18,6,1,34,0,32,40
2422,22,18,7,0,32,0,32,40
2423,22,18,8,1,39,0,32,40
2424,22,18,9,0,24,0,32,40
2425,22,19,0,0,55,1,60,48
2426,22,19,1,1,37,1,60,48
2427,22,19,2,1,51,1,60,48
2428,22,19,3,1,43,1,60,48
2429,22,19,4,0,59,0,60,48
2430,22,19,5,1,58,0,60,48
2431,22,19,6,0,49,0,60,48
2432,22,19,7,1,46,0,60,48
2433,22,19,8,0,61,0,60,48
2434,22,19,9,1,44,0,60,48
2435,22,20,0,0,49,1,52,60
2436,22,20,1,0,47,1,52,60
2437,22,20,2,1,73,1,52,60
2438,22,20,3,1,53,1,52,60
2439,22,20,4,0,53,0,52,60
2440,22,20,5,1,50,0,52,60
2441,22,20,6,0,40,0,52,60
2442,22,20,7,1,71,0,52,60
2443,22,20,8,0,48,0,52,60
2444,22,20,9,1,65,0,52,60
2445,22,21,0,0,45,1,52,60
2446,22,21,1,1,66,1,52,60
2447,22,21,2,0,47,1,52,60
2448,22,21,3,0,59,1,52,60
2449,22,21,4,1,49,0,52,60
2450,22,21,5,0,65,0,52,60
2451,22,21,6,1,57,0,52,60
2452,22,21,7,0,61,0,52,60
2453,22,21,8,1,58,0,52,60
2454,22,21,9,0,61,0,52,60
2455,22,22,0,0,54,1,52,40
2456,22,22,1,0,42,1,52,40
2457,22,22,2,0,49,1,52,40
2458,22,22,3,1,33,1,52,40
2459,22,22,4,1,40,0,52,40
2460,22,22,5,0,53,0,52,40
2461,22,22,6,1,45,0,52,40
2462,22,22,7,0,47,0,52,40
2463,22,22,8,1,44,0,52,40
2464,22,22,9,0,52,0,52,40
2465,22,23,0,1,64,1,60,56
2466,22,23,1,0,53,1,60,56
2467,22,23,2,1,59,1,60,56
2468,22,23,3,1,60,1,60,56
2469,22,23,4,0,72,0,60,56
2470,22,24,0,1,69,1,80,60
2471,22,24,1,0,88,1,80,60
2472,22,24,2,0,89,1,80,60
2473,22,24,3,1,61,1,80,60
2474,22,24,4,0,77,0,80,60
2475,22,24,5,1,51,0,80,60
2476,22,24,6,0,89,0,80,60
2477,22,24,7,1,57,0,80,60
2478,22,24,8,0,77,0,80,60
2479,22,24,9,1,57,0,80,60
2480,22,25,0,1,34,1,60,30
2481,22,25,1,1,37,1,60,30
2482,22,25,2,1,29,1,60,30
2483,22,25,3,0,56,1,60,30
2484,22,25,4,1,16,0,60,30
2485,22,26,0,0,36,1,40,44
2486,22,26,1,0,42,1,40,44
2487,22,26,2,0,32,1,40,44
2488,22,26,3,1,34,1,40,44
2489,22,26,4,0,45,0,40,44
2490,22,27,0,0,50,1,40,28
2491,22,27,1,0,42,1,40,28
2492,22,27,2,0,41,1,40,28
2493,22,27,3,1,36,1,40,28
2494,22,27,4,1,48,0,40,28
2495,22,27,5,0,36,0,40,28
2496,22,27,6,1,32,0,40,28
2497,22,27,7,0,31,0,40,28
2498,22,27,8,1,26,0,40,28
2499,22,27,9,0,36,0,40,28
2500,22,28,0,0,60,1,52,40
2501,22,28,1,1,29,1,52,40
2502,22,28,2,1,38,1,52,40
2503,22,28,3,0,67,1,52,40
2504,22,28,4,1,38,0,52,40
2505,22,29,0,1,70,1,60,68
2506,22,29,1,1,52,1,60,68
2507,22,29,2,0,54,1,60,68
2508,22,29,3,1,83,1,60,68
2509,22,29,4,0,51,0,60,68
2510,22,29,5,1,70,0,60,68
2511,22,29,6,0,60,0,60,68
2512,22,29,7,1,70,0,60,68
2513,22,29,8,0,54,0,60,68
2514,22,29,9,1,77,0,60,68
2515,22,30,0,0,88,1,90,60
2516,22,30,1,0,91,1,90,60
2517,22,30,2,1,67,1,90,60
2518,22,30,3,1,65,1,90,60
2519,22,30,4,0,80,0,90,60
2520,22,31,0,1,50,1,40,48
2521,22,31,1,0,47,1,40,48
2522,22,31,2,0,32,1,40,48
2523,22,31,3,1,38,1,40,48
2524,22,31,4,0,56,0,40,48
2525,22,31,5,1,56,0,40,48
2526,22,31,6,0,34,0,40,48
2527,22,31,7,1,31,0,40,48
2528,22,31,8,0,34,0,40,48
2529,22,31,9,1,50,0,40,48
2530,22,32,0,0,61,1,64,60
2531,22,32,1,0,74,1,64,60
2532,22,32,2,1,54,1,64,60
2533,22,32,3,0,56,1,64,60
2534,22,32,4,1,66,0,64,60
2535,22,32,5,0,59,0,64,60
2536,22,32,6,1,62,0,64,60
2537,22,32,7,0,78,0,64,60
2538,22,32,8,1,54,0,64,60
2539,22,32,9,0,76,0,64,60
2540,22,33,0,0,19,1,20,40
2541,22,33,1,1,41,1,20,40
2542,22,33,2,1,30,1,20,40
2543,22,33,3,1,44,1,20,40
2544,22,33,4,0,29,0,20,40
2545,22,33,5,1,35,0,20,40
2546,22,33,6,0,16,0,20,40
2547,22,33,7,1,35,0,20,40
2548,22,33,8,0,2,0,20,40
2549,22,33,9,1,38,0,20,40
2550,22,34,0,1,39,1,60,40
2551,22,34,1,0,66,1,60,40
2552,22,34,2,0,55,1,60,40
2553,22,34,3,1,34,1,60,40
2554,22,34,4,0,59,0,60,40
2555,22,35,0,1,21,1,40,20
2556,22,35,1,0,38,1,40,20
2557,22,35,2,0,51,1,40,20
2558,22,35,3,1,32,1,40,20
2559,22,35,4,0,48,0,40,20
2560,22,36,0,0,36,1,40,36
2561,22,36,1,1,19,1,40,36
2562,22,36,2,1,45,1,40,36
2563,22,36,3,1,42,1,40,36
2564,22,36,4,0,27,0,40,36
2565,22,36,5,1,24,0,40,36
2566,22,36,6,0,41,0,40,36
2567,22,36,7,1,33,0,40,36
2568,22,36,8,0,41,0,40,36
2569,22,36,9,1,32,0,40,36
2570,22,37,0,1,77,1,60,80
2571,22,37,1,1,74,1,60,80
2572,22,37,2,0,66,1,60,80
2573,22,37,3,1,86,1,60,80
2574,22,37,4,0,53,0,60,80
2575,22,38,0,1,75,1,60,80
2576,22,38,1,0,57,1,60,80
2577,22,38,2,0,67,1,60,80
2578,22,38,3,0,57,1,60,80
2579,22,38,4,1,79,0,60,80
2580,22,38,5,0,51,0,60,80
2581,22,38,6,1,70,0,60,80
2582,22,38,7,0,52,0,60,80
2583,22,38,8,1,80,0,60,80
2584,22,38,9,0,59,0,60,80
2585,22,39,0,1,34,1,10,40
2586,22,39,1,1,40,1,10,40
2587,22,39,2,0,1,1,10,40
2588,22,39,3,0,12,1,10,40
2589,22,39,4,1,46,0,10,40
2590,22,40,0,1,61,1,68,60
2591,22,40,1,1,46,1,68,60
2592,22,40,2,1,76,1,68,60
2593,22,40,3,0,63,1,68,60
2594,22,40,4,1,74,0,68,60
2595,22,41,0,0,30,1,40,20
2596,22,41,1,0,31,1,40,20
2597,22,41,2,1,23,1,40,20
2598,22,41,3,1,6,1,40,20
2599,22,41,4,0,46,0,40,20
2600,22,41,5,1,11,0,40,20
2601,22,41,6,0,43,0,40,20
2602,22,41,7,1,20,0,40,20
2603,22,41,8,0,57,0,40,20
2604,22,41,9,1,11,0,40,20
2605,22,42,0,1,17,1,36,40
2606,22,42,1,1,54,1,36,40
2607,22,42,2,0,23,1,36,40
2608,22,42,3,1,39,1,36,40
2609,22,42,4,0,37,0,36,40
2610,22,43,0,0,52,1,52,40
2611,22,43,1,1,21,1,52,40
2612,22,43,2,1,43,1,52,40
2613,22,43,3,1,47,1,52,40
2614,22,43,4,0,48,0,52,40
2615,22,43,5,1,37,0,52,40
2616,22,43,6,0,46,0,52,40
2617,22,43,7,1,33,0,52,40
2618,22,43,8,0,52,0,52,40
2619,22,43,9,1,41,0,52,40
2620,22,44,0,0,63,1,72,60
2621,22,44,1,0,72,1,72,60
2622,22,44,2,1,67,1,72,60
2623,22,44,3,1,57,1,72,60
2624,22,44,4,0,67,0,72,60
2625,22,44,5,1,51,0,72,60
2626,22,44,6,0,53,0,72,60
2627,22,44,7,1,65,0,72,60
2628,22,44,8,0,63,0,72,60
2629,22,44,9,1,67,0,72,60
2630,22,45,0,0,88,1,90,60
2631,22,45,1,1,66,1,90,60
2632,22,45,2,0,91,1,90,60
2633,22,45,3,1,50,1,90,60
2634,22,45,4,0,100,0,90,60
2635,22,45,5,1,62,0,90,60
2636,22,45,6,0,95,0,90,60
2637,22,45,7,1,76,0,90,60
2638,22,45,8,0,87,0,90,60
2639,22,45,9,1,55,0,90,60
2640,22,46,0,1,51,1,40,44
2641,22,46,1,0,53,1,40,44
2642,22,46,2,0,42,1,40,44
2643,22,46,3,1,49,1,40,44
2644,22,46,4,0,49,0,40,44
2645,22,47,0,1,31,1,40,32
2646,22,47,1,0,36,1,40,32
2647,22,47,2,0,33,1,40,32
2648,22,47,3,0,41,1,40,32
2649,22,47,4,1,30,0,40,32
2650,22,47,5,0,56,0,40,32
2651,22,47,6,1,32,0,40,32
2652,22,47,7,0,46,0,40,32
2653,22,47,8,1,29,0,40,32
2654,22,47,9,0,32,0,40,32
2655,22,48,0,1,69,1,60,72
2656,22,48,1,1,54,1,60,72
2657,22,48,2,0,54,1,60,72
2658,22,48,3,0,60,1,60,72
2659,22,48,4,1,83,0,60,72
2660,22,48,5,0,53,0,60,72
2661,22,48,6,1,73,0,60,72
2662,22,48,7,0,55,0,60,72
2663,22,48,8,1,67,0,60,72
2664,22,48,9,0,57,0,60,72
2665,22,49,0,1,71,1,60,64
2666,22,49,1,0,71,1,60,64
2667,22,49,2,1,76,1,60,64
2668,22,49,3,1,70,1,60,64
2669,22,49,4,0,56,0,60,64
2670,22,49,5,1,52,0,60,64
2671,22,49,6,0,56,0,60,64
2672,22,49,7,1,55,0,60,64
2673,22,49,8,0,62,0,60,64
2674,22,49,9,1,52,0,60,64
2675,22,50,0,1,37,1,40,28
2676,22,50,1,0,39,1,40,28
2677,22,50,2,0,25,1,40,28
2678,22,50,3,1,32,1,40,28
2679,22,50,4,0,53,0,40,28
2680,22,50,5,1,26,0,40,28
2681,22,50,6,0,34,0,40,28
2682,22,50,7,1,22,0,40,28
2683,22,50,8,0,50,0,40,28
2684,22,50,9,1,27,0,40,28
2685,22,51,0,0,10,1,10,40
2686,22,51,1,1,37,1,10,40
2687,22,51,2,1,29,1,10,40
2688,22,51,3,0,1,1,10,40
2689,22,51,4,1,48,0,10,40
2690,22,51,5,0,7,0,10,40
2691,22,51,6,1,44,0,10,40
2692,22,51,7,0,8,0,10,40
2693,22,51,8,1,43,0,10,40
2694,22,51,9,0,11,0,10,40
2695,22,52,0,1,25,1,40,44
2696,22,52,1,1,47,1,40,44
2697,22,52,2,1,54,1,40,44
2698,22,52,3,0,40,1,40,44
2699,22,52,4,0,28,0,40,44
2700,22,52,5,1,45,0,40,44
2701,22,52,6,0,43,0,40,44
2702,22,52,7,1,54,0,40,44
2703,22,52,8,0,41,0,40,44
2704,22,52,9,1,44,0,40,44
2705,22,53,0,1,36,1,70,40
2706,22,53,1,0,81,1,70,40
2707,22,53,2,0,65,1,70,40
2708,22,53,3,1,36,1,70,40
2709,22,53,4,0,70,0,70,40
2710,22,53,5,1,41,0,70,40
2711,22,53,6,0,67,0,70,40
2712,22,53,7,1,33,0,70,40
2713,22,53,8,0,77,0,70,40
2714,22,53,9,1,43,0,70,40
2715,22,54,0,1,40,1,32,40
2716,22,54,1,1,34,1,32,40
2717,22,54,2,1,27,1,32,40
2718,22,54,3,0,34,1,32,40
2719,22,54,4,0,34,0,32,40
2720,22,54,5,1,40,0,32,40
2721,22,54,6,0,30,0,32,40
2722,22,54,7,1,42,0,32,40
2723,22,54,8,0,35,0,32,40
2724,22,54,9,1,36,0,32,40
2725,22,55,0,1,34,1,20,40
2726,22,55,1,0,25,1,20,40
2727,22,55,2,0,33,1,20,40
2728,22,55,3,1,48,1,20,40
2729,22,55,4,0,1,0,20,40
2730,22,56,0,0,100,1,90,60
2731,22,56,1,1,60,1,90,60
2732,22,56,2,1,56,1,90,60
2733,22,56,3,1,61,1,90,60
2734,22,56,4,0,81,0,90,60
2735,22,56,5,1,55,0,90,60
2736,22,56,6,0,100,0,90,60
2737,22,56,7,1,56,0,90,60
2738,22,56,8,0,83,0,90,60
2739,22,56,9,1,67,0,90,60
2740,22,57,0,1,33,1,40,20
2741,22,57,1,1,21,1,40,20
2742,22,57,2,0,50,1,40,20
2743,22,57,3,1,34,1,40,20
2744,22,57,4,0,32,0,40,20
2745,22,58,0,0,85,1,72,60
2746,22,58,1,1,60,1,72,60
2747,22,58,2,0,64,1,72,60
2748,22,58,3,1,71,1,72,60
2749,22,58,4,0,92,0,72,60
2750,22,59,0,0,65,1,52,60
2751,22,59,1,1,75,1,52,60
2752,22,59,2,1,62,1,52,60
2753,22,59,3,1,71,1,52,60
2754,22,59,4,0,56,0,52,60
2755,22,60,0,0,3,1,10,40
2756,22,60,1,0,7,1,10,40
2757,22,60,2,1,34,1,10,40
2758,22,60,3,0,10,1,10,40
2759,22,60,4,1,34,0,10,40
2760,22,61,0,0,62,1,52,60
2761,22,61,1,1,61,1,52,60
2762,22,61,2,1,65,1,52,60
2763,22,61,3,1,73,1,52,60
2764,22,61,4,0,47,0,52,60
2765,22,61,5,1,70,0,52,60
2766,22,61,6,0,52,0,52,60
2767,22,61,7,1,63,0,52,60
2768,22,61,8,0,42,0,52,60
2769,22,61,9,1,54,0,52,60
2770,22,62,0,1,15,1,40,10
2771,22,62,1,1,6,1,40,10
2772,22,62,2,0,40,1,40,10
2773,22,62,3,0,39,1,40,10
2774,22,62,4,1,10,0,40,10
2775,22,63,0,0,64,1,56,60
2776,22,63,1,1,50,1,56,60
2777,22,63,2,1,62,1,56,60
2778,22,63,3,0,53,1,56,60
2779,22,63,4,1,60,0,56,60
2780,22,63,5,0,59,0,56,60
2781,22,63,6,1,67,0,56,60
2782,22,63,7,0,49,0,56,60
2783,22,63,8,1,75,0,56,60
2784,22,63,9,0,57,0,56,60
2785,22,64,0,0,31,1,40,52
2786,22,64,1,0,26,1,40,52
2787,22,64,2,1,41,1,40,52
2788,22,64,3,1,49,1,40,52
2789,22,64,4,0,38,0,40,52
2790,22,64,5,1,56,0,40,52
2791,22,64,6,0,41,0,40,52
2792,22,64,7,1,54,0,40,52
2793,22,64,8,0,51,0,40,52
2794,22,64,9,1,47,0,40,52
2795,22,65,0,0,96,1,90,60
2796,22,65,1,1,66,1,90,60
2797,22,65,2,1,63,1,90,60
2798,22,65,3,0,93,1,90,60
2799,22,65,4,1,67,0,90,60
2800,22,66,0,1,50,1,48,60
2801,22,66,1,0,60,1,48,60
2802,22,66,2,1,55,1,48,60
2803,22,66,3,0,37,1,48,60
2804,22,66,4,1,36,0,48,60
2805,22,66,5,0,41,0,48,60
2806,22,66,6,1,62,0,48,60
2807,22,66,7,0,43,0,48,60
2808,22,66,8,1,73,0,48,60
2809,22,66,9,0,44,0,48,60
2810,22,67,0,0,44,1,40,60
2811,22,67,1,1,62,1,40,60
2812,22,67,2,1,62,1,40,60
2813,22,67,3,0,33,1,40,60
2814,22,67,4,1,73,0,40,60
2815,22,68,0,0,40,1,48,40
2816,22,68,1,0,45,1,48,40
2817,22,68,2,1,36,1,48,40
2818,22,68,3,1,45,1,48,40
2819,22,68,4,0,47,0,48,40
2820,22,68,5,1,38,0,48,40
2821,22,68,6,0,42,0,48,40
2822,22,68,7,1,38,0,48,40
2823,22,68,8,0,48,0,48,40
2824,22,68,9,1,50,0,48,40
2825,22,69,0,0,43,1,36,40
2826,22,69,1,0,37,1,36,40
2827,22,69,2,1,57,1,36,40
2828,22,69,3,0,33,1,36,40
2829,22,69,4,1,39,0,36,40
2830,22,69,5,0,34,0,36,40
2831,22,69,6,1,38,0,36,40
2832,22,69,7,0,46,0,36,40
2833,22,69,8,1,38,0,36,40
2834,22,69,9,0,38,0,36,40
2835,22,70,0,0,46,1,36,40
2836,22,70,1,1,35,1,36,40
2837,22,70,2,1,46,1,36,40
2838,22,70,3,0,51,1,36,40
2839,22,70,4,1,44,0,36,40
2840,22,70,5,0,27,0,36,40
2841,22,70,6,1,24,0,36,40
2842,22,70,7,0,47,0,36,40
2843,22,70,8,1,42,0,36,40
2844,22,70,9,0,37,0,36,40
2845,22,71,0,0,51,1,52,40
2846,22,71,1,0,55,1,52,40
2847,22,71,2,1,37,1,52,40
2848,22,71,3,0,53,1,52,40
2849,22,71,4,1,32,0,52,40
2850,22,72,0,0,32,1,40,32
2851,22,72,1,0,38,1,40,32
2852,22,72,2,1,19,1,40,32
2853,22,72,3,1,34,1,40,32
2854,22,72,4,0,28,0,40,32
2855,22,73,0,0,61,1,60,40
2856,22,73,1,1,51,1,60,40
2857,22,73,2,0,58,1,60,40
2858,22,73,3,0,69,1,60,40
2859,22,73,4,1,53,0,60,40
2860,22,73,5,0,58,0,60,40
2861,22,73,6,1,35,0,60,40
2862,22,73,7,0,47,0,60,40
2863,22,73,8,1,32,0,60,40
2864,22,73,9,0,54,0,60,40
2865,22,74,0,1,39,1,40,32
2866,22,74,1,1,34,1,40,32
2867,22,74,2,0,41,1,40,32
2868,22,74,3,1,9,1,40,32
2869,22,74,4,0,50,0,40,32
2870,22,74,5,1,32,0,40,32
2871,22,74,6,0,43,0,40,32
2872,22,74,7,1,41,0,40,32
2873,22,74,8,0,47,0,40,32
2874,22,74,9,1,27,0,40,32
2875,22,75,0,1,53,1,40,52
2876,22,75,1,0,44,1,40,52
2877,22,75,2,1,65,1,40,52
2878,22,75,3,1,54,1,40,52
2879,22,75,4,0,39,0,40,52
2880,22,76,0,1,62,1,60,64
2881,22,76,1,1,67,1,60,64
2882,22,76,2,0,46,1,60,64
2883,22,76,3,0,55,1,60,64
2884,22,76,4,1,71,0,60,64
2885,22,76,5,0,59,0,60,64
2886,22,76,6,1,62,0,60,64
2887,22,76,7,0,71,0,60,64
2888,22,76,8,1,62,0,60,64
2889,22,76,9,0,64,0,60,64
2890,22,77,0,1,59,1,80,60
2891,22,77,1,1,61,1,80,60
2892,22,77,2,0,76,1,80,60
2893,22,77,3,1,43,1,80,60
2894,22,77,4,0,88,0,80,60
2895,22,77,5,1,58,0,80,60
2896,22,77,6,0,79,0,80,60
2897,22,77,7,1,68,0,80,60
2898,22,77,8,0,87,0,80,60
2899,22,77,9,1,56,0,80,60
2900,22,78,0,1,33,1,20,40
2901,22,78,1,1,32,1,20,40
2902,22,78,2,0,21,1,20,40
2903,22,78,3,1,41,1,20,40
2904,22,78,4,0,22,0,20,40
2905,22,79,0,1,42,1,44,40
2906,22,79,1,1,53,1,44,40
2907,22,79,2,0,37,1,44,40
2908,22,79,3,1,45,1,44,40
2909,22,79,4,0,68,0,44,40
2910,22,79,5,1,40,0,44,40
2911,22,79,6,0,45,0,44,40
2912,22,79,7,1,50,0,44,40
2913,22,79,8,0,44,0,44,40
2914,22,79,9,1,45,0,44,40
2915,22,80,0,0,47,1,68,60
2916,22,80,1,0,67,1,68,60
2917,22,80,2,1,54,1,68,60
2918,22,80,3,0,81,1,68,60
2919,22,80,4,1,69,0,68,60
2920,22,80,5,0,52,0,68,60
2921,22,80,6,1,74,0,68,60
2922,22,80,7,0,81,0,68,60
2923,22,80,8,1,53,0,68,60
2924,22,80,9,0,75,0,68,60
2925,22,81,0,0,41,1,36,40
2926,22,81,1,1,47,1,36,40
2927,22,81,2,1,54,1,36,40
2928,22,81,3,0,36,1,36,40
2929,22,81,4,1,37,0,36,40
2930,22,82,0,0,42,1,40,36
2931,22,82,1,0,37,1,40,36
2932,22,82,2,0,45,1,40,36
2933,22,82,3,1,34,1,40,36
2934,22,82,4,0,55,0,40,36
2935,22,83,0,0,24,1,28,40
2936,22,83,1,0,26,1,28,40
2937,22,83,2,1,38,1,28,40
2938,22,83,3,1,47,1,28,40
2939,22,83,4,0,28,0,28,40
2940,22,83,5,1,47,0,28,40
2941,22,83,6,0,36,0,28,40
2942,22,83,7,1,27,0,28,40
2943,22,83,8,0,31,0,28,40
2944,22,83,9,1,39,0,28,40
2945,22,84,0,0,54,1,60,56
2946,22,84,1,1,51,1,60,56
2947,22,84,2,1,58,1,60,56
2948,22,84,3,0,58,1,60,56
2949,22,84,4,1,46,0,60,56
2950,22,85,0,1,41,1,40,60
2951,22,85,1,0,36,1,40,60
2952,22,85,2,0,31,1,40,60
2953,22,85,3,1,55,1,40,60
2954,22,85,4,0,46,0,40,60
2955,22,85,5,1,65,0,40,60
2956,22,85,6,0,44,0,40,60
2957,22,85,7,1,71,0,40,60
2958,22,85,8,0,43,0,40,60
2959,22,85,9,1,55,0,40,60
2960,22,86,0,0,32,1,48,40
2961,22,86,1,1,29,1,48,40
2962,22,86,2,0,48,1,48,40
2963,22,86,3,0,55,1,48,40
2964,22,86,4,1,32,0,48,40
2965,22,87,0,1,40,1,28,40
2966,22,87,1,1,36,1,28,40
2967,22,87,2,1,31,1,28,40
2968,22,87,3,0,29,1,28,40
2969,22,87,4,1,37,0,28,40
2970,22,88,0,1,28,1,40,32
2971,22,88,1,0,35,1,40,32
2972,22,88,2,1,30,1,40,32
2973,22,88,3,1,36,1,40,32
2974,22,88,4,0,36,0,40,32
2975,22,89,0,0,57,1,60,48
2976,22,89,1,0,53,1,60,48
2977,22,89,2,1,47,1,60,48
2978,22,89,3,1,34,1,60,48
2979,22,89,4,0,70,0,60,48
2980,22,90,0,0,52,1,40,60
2981,22,90,1,0,58,1,40,60
2982,22,90,2,1,69,1,40,60
2983,22,90,3,1,62,1,40,60
2984,22,90,4,0,35,0,40,60
2985,22,90,5,1,61,0,40,60
2986,22,90,6,0,49,0,40,60
2987,22,90,7,1,53,0,40,60
2988,22,90,8,0,29,0,40,60
2989,22,90,9,1,62,0,40,60
2990,22,91,0,0,36,1,36,40
2991,22,91,1,0,31,1,36,40
2992,22,91,2,1,53,1,36,40
2993,22,91,3,0,30,1,36,40
2994,22,91,4,1,50,0,36,40
2995,22,92,0,0,69,1,60,64
2996,22,92,1,1,67,1,60,64
2997,22,92,2,0,64,1,60,64
2998,22,92,3,0,51,1,60,64
2999,22,92,4,1,70,0,60,64
3000,22,93,0,1,63,1,90,60
3001,22,93,1,0,99,1,90,60
3002,22,93,2,0,93,1,90,60
3003,22,93,3,0,98,1,90,60
3004,22,93,4,1,65,0,90,60
3005,22,94,0,0,43,1,48,40
3006,22,94,1,0,49,1,48,40
3007,22,94,2,0,58,1,48,40
3008,22,94,3,1,33,1,48,40
3009,22,94,4,0,49,0,48,40
3010,22,94,5,1,36,0,48,40
3011,22,94,6,0,41,0,48,40
3012,22,94,7,1,19,0,48,40
3013,22,94,8,0,52,0,48,40
3014,22,94,9,1,46,0,48,40
3015,22,95,0,1,37,1,48,40
3016,22,95,1,1,31,1,48,40
3017,22,95,2,0,54,1,48,40
3018,22,95,3,1,35,1,48,40
3019,22,95,4,0,54,0,48,40
3020,22,95,5,1,43,0,48,40
3021,22,95,6,0,46,0,48,40
3022,22,95,7,1,38,0,48,40
3023,22,95,8,0,59,0,48,40
3024,22,95,9,1,40,0,48,40
3025,22,96,0,0,34,1,40,60
3026,22,96,1,0,57,1,40,60
3027,22,96,2,0,40,1,40,60
3028,22,96,3,1,72,1,40,60
3029,22,96,4,0,33,0,40,60
3030,22,97,0,0,57,1,64,60
3031,22,97,1,0,45,1,64,60
3032,22,97,2,1,56,1,64,60
3033,22,97,3,1,58,1,64,60
3034,22,97,4,0,62,0,64,60
3035,22,98,0,0,48,1,44,40
3036,22,98,1,0,39,1,44,40
3037,22,98,2,1,46,1,44,40
3038,22,98,3,0,40,1,44,40
3039,22,98,4,1,31,0,44,40
3040,22,98,5,0,50,0,44,40
3041,22,98,6,1,44,0,44,40
3042,22,98,7,0,40,0,44,40
3043,22,98,8,1,46,0,44,40
3044,22,98,9,0,48,0,44,40
3045,22,99,0,0,54,1,60,52
3046,22,99,1,0,56,1,60,52
3047,22,99,2,0,67,1,60,52
3048,22,99,3,1,61,1,60,52
3049,22,99,4,1,57,0,60,52
3050,22,99,5,0,55,0,60,52
3051,22,99,6,1,51,0,60,52
3052,22,99,7,0,50,0,60,52
3053,22,99,8,1,49,0,60,52
3054,22,99,9,0,56,0,60,52
